t,E,relE,a_kakakiko,e_kakakiko,i_kakakiko,a_croquet,e_croquet,i_croquet,a_cue,e_cue,i_cue,a_eight,e_eight,i_eight,megno,lyapunov,minsep_croquet_cue,minsep_cue_eight,minsep_kakakiko_croquet
0.0,-0.001845345922378045,0.0,0.71,0.039599999999999996,0.0,2.8000000000000003,1.8766537011792146e-16,0.0,5.5,6.824703963131643e-17,0.0,9.2,0.0,0.0,0.0,0.0,6.9605906320716615,4.4472253838653355,2.75298882965868
2000.0101516015286,-0.0018453459223780248,1.0928119310141495e-14,0.710006403193363,0.03961851789422695,0.0,2.8000053899119153,6.884150210251488e-05,0.0,5.503503769964503,0.0009031164749522905,0.0,9.193814824088635,0.000500464205089637,0.0,2.003495319970403,-1.5199111783247702e-05,2.7006931508232777,3.700000496748321,2.0627841915649645
4000.020303183507,-0.0018453459223772032,4.561608512039708e-13,0.7100111452841309,0.03963440434987723,0.0,2.7999183326548946,0.00011325811549555181,0.0,5.506516364578142,0.0007067924130218587,0.0,9.211746077475924,0.0004625427733987781,0.0,2.0020031337333943,-5.056368413335856e-06,2.719208749546082,3.6908863623472254,2.0625378273298707
6000.0304548164795,-0.001845345922376528,8.220765881048377e-13,0.7100031034140439,0.03961588961502067,0.0,2.800082961931497,0.00015688723536165744,0.0,5.508773895576279,0.0016592904660854627,0.0,9.223162532740375,0.0017634463709073499,0.0,2.001438750845944,-2.620233243001166e-06,2.704088626040873,3.7055075904443653,2.064995034954001
8000.040606452055,-0.0018453459223777364,1.6721197611108976e-13,0.7100006199143926,0.03960615342866481,0.0,2.8001603555349828,0.0001862183454530272,0.0,5.508780912705986,0.0008547644098679426,0.0,9.206946484781907,0.0012955900904660536,0.0,2.0011304169128485,-1.6350455052433039e-06,2.6999162494491937,3.706125724873529,2.067042226283845
10000.050757989547,-0.001845345922376891,6.253704405222907e-13,0.7100101858442298,0.0396264746032516,0.0,2.8000690232718637,0.0001569045646882802,0.0,5.508822685964248,0.0015551335004392213,0.0,9.191261831531364,0.0012548278031115803,0.0,2.000941589471143,-1.1311013670796245e-06,2.7060264818898174,3.691359811633966,2.063269200044564
12000.060909516627,-0.0018453459223754644,1.398446751720365e-12,0.7100107394706436,0.039607978153570166,0.0,2.8000442221981285,0.00011779374891142108,0.0,5.507890423003542,0.0010647111244413306,0.0,9.206342165580695,0.0009616466919678,0.0,2.000805617894129,-8.356787977486481e-07,2.7011814036526953,3.676372126878432,2.0635467500529527
14000.071061043707,-0.0018453459223750433,1.626644683981599e-12,0.7100007128736535,0.03958153944165594,0.0,2.799969319967943,6.085355985273526e-05,0.0,5.505177299404138,0.0009523844972959579,0.0,9.222464780238784,0.0022539409529562875,0.0,2.0007082146374713,-6.462646893707151e-07,2.7030588082241955,3.690786993328026,2.063220709012251
16000.081212570787,-0.0018453459223743817,1.9851575013497893e-12,0.7100063612214267,0.039607688151093466,0.0,2.7999367550847625,2.883962651477444e-05,0.0,5.502126125923421,0.0009128150124431232,0.0,9.212150139453133,0.001910321423703357,0.0,2.000633477311301,-5.168487657018514e-07,2.703539985005081,3.702816875926408,2.0628582683039607
18000.09136409787,-0.0018453459223745049,1.918413718896452e-12,0.7100164791239186,0.03959494148981285,0.0,2.800056987484022,5.539141158292609e-05,0.0,5.498315259897798,0.0002805599836207319,0.0,9.1959587829528,0.0013308244434874265,0.0,2.0005723036039504,-4.241223780673387e-07,2.6983840488879434,3.6973569312065244,2.062136342143013
20000.10151562495,-0.0018453459223735952,2.411354154445308e-12,0.7100052839392031,0.039568585243712914,0.0,2.8000073679085564,7.73980703725888e-05,0.0,5.496175439516335,0.00017007458067416184,0.0,9.198867702397502,0.0013350080216842823,0.0,2.0005258715311913,-3.5518542730253367e-07,2.697490762210454,3.6893553659017297,2.06386996431618
22000.11166715203,-0.0018453459223732288,2.609940408575836e-12,0.7100019924621127,0.039594708630455853,0.0,2.800032507746696,0.0001208237903255754,0.0,5.494394055932993,0.0007857741448715779,0.0,9.215193891286315,0.0020766033940140373,0.0,2.000484989911482,-3.023987730675813e-07,2.696995358726065,3.691429846761426,2.062460884198846
24000.12181867911,-0.0018453459223726064,2.9471845206199875e-12,0.7100141684827617,0.039589075950423595,0.0,2.800103940942349,0.00015546892183646079,0.0,5.494562602238265,0.000322902635544646,0.0,9.21891394116041,0.002153180087883264,0.0,2.0004523792791247,-2.6099001721734624e-07,2.6929836683939907,3.7124939392186853,2.063174482743241
26000.13197020619,-0.001845345922371575,3.5061636986666876e-12,0.7100105686766759,0.03956431997166301,0.0,2.799979579857589,0.00016864673576304912,0.0,5.4967424645026774,0.0006637691024589083,0.0,9.205206939861382,0.0007590364157015079,0.0,2.0004250420156136,-2.278454046723787e-07,2.6934064213967037,3.7156635885458265,2.0649620554874693
28000.142121733268,-0.0018453459223712612,3.676195834599749e-12,0.7099997623772788,0.03957941812225834,0.0,2.800003491102379,0.00017323382458177944,0.0,5.4992810786827,0.0001742706085827212,0.0,9.194294847745152,0.0010657470142289157,0.0,2.0004005332931003,-2.0085890434946955e-07,2.6938902253449144,3.7004240502749766,2.0617512769575947
30000.152273260348,-0.0018453459223711486,3.7371817907498935e-12,0.7100049457240655,0.039583391308074124,0.0,2.7999970918110937,0.00015727171157290146,0.0,5.503312265981806,0.001475217726099173,0.0,9.205426638443397,0.0011835427277462553,0.0,2.000381655918231,-1.7856218500030826e-07,2.6999217040170507,3.687672059489574,2.064501278750845
32000.162424787428,-0.0018453459223702466,4.22600949322504e-12,0.7100126173683299,0.039559605116628434,0.0,2.7999351785763995,0.00015771537933196805,0.0,5.506152854436876,0.001219782285897189,0.0,9.222501318180727,0.0017526758339398867,0.0,2.000363722466742,-1.5990469577297602e-07,2.6978929161237244,3.686672412574833,2.0618042989614307
34000.17257658188,-0.0018453459223699389,4.392751442699135e-12,0.7100022581517174,0.039561500734090795,0.0,2.800056939259538,9.17511621302266e-05,0.0,5.508376497287175,0.0017513176384538118,0.0,9.213240998124109,0.000501282138200368,0.0,2.0003493417610527,-1.4411777461681307e-07,2.702588304005579,3.70382421822557,2.062022960739039
36000.18272854294,-0.0018453459223707488,3.953864070404742e-12,0.709999425355846,0.039586881662568484,0.0,2.800161308568252,3.460570382315461e-05,0.0,5.508966213303298,0.001796406325599221,0.0,9.19270441305468,0.0004994993394911825,0.0,2.000337148622048,-1.306279032809181e-07,2.699247175956465,3.7010186156264715,2.0648899029373036
38000.192880504,-0.0018453459223701449,4.281120116412743e-12,0.7100118164223023,0.03955651245085573,0.0,2.8000706780783635,4.747665738750456e-05,0.0,5.508661949281924,0.0015303347336657574,0.0,9.199579033579655,0.000193068001893567,0.0,2.0003256750511635,-1.189997360310661e-07,2.7017813003385265,3.6766245519378837,2.063059667417718
40000.20303246506,-0.0018453459223681029,5.387680326559006e-12,0.7100115958394282,0.03955777050651853,0.0,2.800059531449047,9.976345276859857e-05,0.0,5.50868855855222,0.0020555258818301444,0.0,9.220036127234357,0.0009504539176917134,0.0,2.0003173474086027,-1.0889770833357015e-07,2.7048126853417975,3.6819056983169998,2.0626719935076356
42000.213184426124,-0.0018453459223672407,5.854886803732367e-12,0.7099998553337215,0.03959020092890999,0.0,2.7999641556842008,0.0001486060166254818,0.0,5.505463873052718,0.0009214866949556213,0.0,9.218228805349032,0.001404129324719192,0.0,2.0003089379940566,-1.0005960226522356e-07,2.7056960494361495,3.7128361890374086,2.0628818620697724
44000.223336387186,-0.0018453459223670143,5.9775637559881494e-12,0.7100072834107269,0.03956204673464456,0.0,2.799933815617058,0.0001613407786257542,0.0,5.5024112948991775,0.0013084421214837917,0.0,9.198245637640795,0.00044079335728061095,0.0,2.000302471394804,-9.227798118411191e-08,2.7030394843039516,3.7018479172165883,2.0625748717922576
46000.23348834825,-0.0018453459223661283,6.457695965678882e-12,0.7100179800143238,0.039558561316666616,0.0,2.800055704059297,0.00015232919198634705,0.0,5.4987091325716255,0.00046060384054917586,0.0,9.195986398095988,0.0008596307906506079,0.0,2.000297143505082,-8.5386910130728e-08,2.6948687455101763,3.696073489911066,2.06189500746259
48000.24364030931,-0.0018453459223650495,7.042291595441827e-12,0.7100032503200723,0.03959181072962331,0.0,2.800002275529146,0.00015154498581973342,0.0,5.495779669568166,0.001446600462468944,0.0,9.212084050021351,0.0005444109421101655,0.0,2.0002918457078085,-7.925230236125305e-08,2.6966744455126586,3.692109802718824,2.063703729954819
50000.25379227037,-0.0018453459223649997,7.069318127069059e-12,0.7100015139320184,0.039574005585460696,0.0,2.800047497343704,0.00012446295176328167,0.0,5.49459644560014,0.0008564342314157357,0.0,9.219180520210264,0.0021009786716517905,0.0,2.0002885830902626,-7.376480665074566e-08,2.689810758393417,3.7147358610702566,2.0647654128673265
52000.26394423143,-0.0018453459223648206,7.166378627608595e-12,0.7100158835447259,0.03955997583909785,0.0,2.800089731486378,0.00011444366072624103,0.0,5.494307689382208,0.0016613865572838236,0.0,9.209298838224257,0.001427328617539319,0.0,2.0002848564884186,-6.883448667170857e-08,2.6974685355632024,3.7112877023514907,2.0639576819644856
54000.274096192494,-0.0018453459223640551,7.581177134756976e-12,0.7100086403916697,0.03958798522869344,0.0,2.7999911959041426,6.42047332478231e-05,0.0,5.496540336290629,0.0008349717782533062,0.0,9.195673014682928,0.0015079777361865427,0.0,2.000282288894812,-6.438679400722433e-08,2.6880957012416573,3.7047237449066714,2.061751039460217
56000.284248153555,-0.0018453459223634,7.936164752347702e-12,0.709999335445782,0.03958339552068789,0.0,2.8000013014081406,4.329357127557892e-05,0.0,5.499130352934826,0.0009287330076438436,0.0,9.201370128483104,0.0010496623352852991,0.0,2.0002803611855224,-6.035948793980194e-08,2.692180665193146,3.685699864571876,2.0628794075146892
58000.29440011462,-0.0018453459223630518,8.124880447101328e-12,0.7100077731534009,0.03955075728648005,0.0,2.800013019130383,2.9598173418962818e-05,0.0,5.502825679234112,0.00030202456171976106,0.0,9.219240823192226,0.0024175339644347507,0.0,2.0002781046419864,-5.670025489967611e-08,2.6966163183809866,3.7007761756010504,2.067900093112303
60000.30455207568,-0.00184534592236272,8.304665635752043e-12,0.7100115244745897,0.039570672131082896,0.0,2.799916042842264,7.960083407625444e-05,0.0,5.50646119863123,0.0013288786235719162,0.0,9.217703034122128,0.0017860359767893762,0.0,2.0002772304125025,-5.336485210789404e-08,2.701703005878865,3.6971547087211714,2.0623153851078815
62000.31470403674,-0.0018453459223623373,8.512064889326234e-12,0.7100016558825317,0.03957756836512478,0.0,2.8000530961795413,8.145890275516446e-05,0.0,5.508132800038529,0.001096273874778882,0.0,9.197392305638255,0.0012801655787001338,0.0,2.0002757255209653,-5.0315646663722985e-08,2.7010662241747387,3.703311926626684,2.0624177034100395
64000.3248559978,-0.0018453459223631385,8.077877783401794e-12,0.7100010013699183,0.03953002033646294,0.0,2.8001556478242327,0.0001320924296813633,0.0,5.509006289602451,0.0013800629913880876,0.0,9.193582270709552,0.001223610142515201,0.0,2.00027489126107,-4.752045355403705e-08,2.7065454489347602,3.6856261028268285,2.0633866715515343
66000.33500795886,-0.0018453459223628688,8.224056067507344e-12,0.710010978292044,0.039552514208261745,0.0,2.8000784940341488,0.00010520378468000855,0.0,5.50865425208277,0.0012585710497666543,0.0,9.215843475896365,0.0018984124740412558,0.0,2.0002743735812967,-4.495160491330865e-08,2.701866304256882,3.6836546385809985,2.062179594756886
68000.34515991992,-0.0018453459223612399,9.10676609178458e-12,0.7100089175191063,0.039564520113368265,0.0,2.8000723568733457,0.00010165932927178345,0.0,5.508193147171026,0.0010220470640127407,0.0,9.222680418345236,0.0019014339641925135,0.0,2.0002733176753607,-4.2585202283658065e-08,2.7019348344916474,3.69893355682963,2.0629320415750088
70000.35531188098,-0.0018453459223602927,9.620035179383484e-12,0.7100011364574311,0.03952748823695853,0.0,2.799957278774852,9.03412930111603e-05,0.0,5.505903064685159,0.0014293268026238353,0.0,9.203211973692396,0.00035437626831870053,0.0,2.0002732222080857,-4.0400509499324696e-08,2.705390711124736,3.704967488962218,2.0627289562057673
72000.36546384204,-0.0018453459223598903,9.838127538949318e-12,0.7100075923517736,0.03954470718188451,0.0,2.799941459236787,8.07199198310692e-05,0.0,5.502556923682358,0.0003725447703990537,0.0,9.193806698147817,0.0007103601310179593,0.0,2.00027238356369,-3.8379456675843415e-08,2.700140283956383,3.697933276411807,2.0648995902164673
74000.3756158031,-0.001845345922359882,9.842592792000773e-12,0.7100155186706392,0.03956409387818831,0.0,2.8000446087826854,7.358952846362132e-05,0.0,5.499323010741437,0.0005801596534740439,0.0,9.207626106869835,0.0006278934183689279,0.0,2.000271876764646,-3.6506232803020616e-08,2.70123374023039,3.6872692802819538,2.063595927581861
76000.38576776416,-0.0018453459223588548,1.0399221836862497e-11,0.7100051987254025,0.03953689703329928,0.0,2.8000126482923156,8.452997113441886e-05,0.0,5.496133350120523,0.0007680727514894477,0.0,9.219771151922698,0.001228239355646197,0.0,2.000271490632236,-3.4766948875320333e-08,2.698443125788545,3.70656807692677,2.0626043509738228
78000.39591972523,-0.0018453459223584105,1.0639992981663357e-11,0.7100031025148401,0.03953822141189892,0.0,2.8000260096949625,8.490805746341534e-05,0.0,5.494577400578285,0.0003102002412022795,0.0,9.211957489270242,0.000970874480024936,0.0,2.000270433112354,-3.3149359036163006e-08,2.6981388073289367,3.7128320950406692,2.062196523181261
80000.40607168629,-0.0018453459223580395,1.084104687563811e-11,0.710013308605141,0.03956446227694019,0.0,2.8001021744825065,0.0001249168903372021,0.0,5.494614533494199,0.0007348337549158543,0.0,9.197183528480297,0.00025255936385406614,0.0,2.000270032532506,-3.1642627176671126e-08,2.6937640063432435,3.712828229069384,2.0649018952555744
82000.41622364735,-0.0018453459223577223,1.1012959118119154e-11,0.7100098313214693,0.03954088669003225,0.0,2.79999090305606,8.857099199692902e-05,0.0,5.496053468430282,0.0004775547708208582,0.0,9.198627285679972,0.0006651569618390816,0.0,2.000268839407252,-3.0237131302498706e-08,2.6933125298963945,3.7018300724342796,2.0623584631625698
84000.42637560841,-0.0018453459223567257,1.155301972402679e-11,0.7100002408388069,0.039528346693442545,0.0,2.8000022163883145,0.00010468185136833593,0.0,5.498902878272412,0.0009989820476818687,0.0,9.214711073899336,0.001076157192080172,0.0,2.000267767335907,-2.892429955292465e-08,2.6978942540012274,3.7006108023637045,2.062188077520261
86000.43652756947,-0.0018453459223562749,1.1797316068605115e-11,0.7100050102633734,0.03956671538675369,0.0,2.800010776034109,6.789340115144731e-05,0.0,5.502422457627353,0.0011797764543622343,0.0,9.221439667609513,0.002234029725336009,0.0,2.000266690405359,-2.7696471801330838e-08,2.6941357811522693,3.7035177013779945,2.0639847067145074
88000.44667953053,-0.0018453459223558353,1.20355020669025e-11,0.7100118174574622,0.03954939028898884,0.0,2.7999157148818266,8.237460411049344e-05,0.0,5.505724418195434,0.0015777962265965497,0.0,9.20397143749664,0.0012267224994180219,0.0,2.000264869550813,-2.65467821192253e-08,2.696901193913941,3.7155153224181476,2.062731303555309
90000.4568314916,-0.0018453459223557519,1.20807421307133e-11,0.7100030726333963,0.03953116958802707,0.0,2.800052046016473,3.7016886121650936e-05,0.0,5.508199449598249,0.002233954472909634,0.0,9.191538284287947,0.00155666949557945,0.0,2.000263529814407,-2.546905708310434e-08,2.6988985272678625,3.6975810895650723,2.063492783237518
92000.46698345266,-0.0018453459223563965,1.173139483276652e-11,0.7099997515784559,0.03957930939338787,0.0,2.8001373936198783,7.314597822434833e-05,0.0,5.508819702218402,0.0015899869848284823,0.0,9.20875013620787,0.0013673690423043271,0.0,2.000261402414132,-2.4457730752735737e-08,2.696143356964302,3.6842419335687446,2.06376140320129
94000.47713541372,-0.0018453459223562283,1.1822580000343613e-11,0.7100110669006469,0.03956684979532121,0.0,2.80010030292418,0.00010908282407606777,0.0,5.509195536557868,0.0023426862350403935,0.0,9.223028232186246,0.0024634746205225173,0.0,2.0002592650771125,-2.35077710034784e-08,2.7007549759097147,3.6924524815797937,2.0624495414505075
96000.48728737478,-0.00184534592235448,1.2769918687207708e-11,0.7100120071218402,0.03954746746539425,0.0,2.8000667276321147,0.00014031865334297643,0.0,5.508400261000938,0.0015983885348934814,0.0,9.209563588768598,0.0014866201810139004,0.0,2.000257079149127,-2.2614615244368533e-08,2.7024723648188416,3.719923099293957,2.0625150052279304
98000.49743933584,-0.0018453459223541147,1.2967917408041992e-11,0.7099995828625929,0.039582951775205884,0.0,2.7999730570770383,0.00014360049643375047,0.0,5.506102565508398,0.0019444332791795065,0.0,9.192600389106335,0.0015244850109984729,0.0,2.0002541572126775,-2.1774116313133017e-08,2.699952131948198,3.6971908431981166,2.0640539027510267
100000.5075912969,-0.001845345922353403,1.3353574263696663e-11,0.7100064209043594,0.03958158655017014,0.0,2.79993092363315,0.00015821788842930153,0.0,5.503108654557707,0.001029446803429709,0.0,9.202927384763349,0.0012246628619464754,0.0,2.000251623340146,-2.0982495008257365e-08,2.6974903355597957,3.6830715103763945,2.0677757760508326
102000.51774325797,-0.0018453459223536264,1.3232542404670365e-11,0.710018048457773,0.039553302639747906,0.0,2.8000471214541065,0.00011089158675927384,0.0,5.4991741011955675,0.001137958387114895,0.0,9.2200670295758,0.0022547289505126123,0.0,2.000248355906895,-2.023629891131455e-08,2.7130429531346407,3.6949494130292013,2.062480305834246
104000.52789521903,-0.0018453459223530494,1.354522762493151e-11,0.7100034744111884,0.03957203760875095,0.0,2.8000028831627826,0.00011271297899771849,0.0,5.496436179916265,0.0008266576690779933,0.0,9.21548945645828,0.0012471089987787418,0.0,2.0002450465999853,-1.953236672594857e-08,2.6947848967333665,3.706999847233289,2.065997146976427
106000.53804718009,-0.0018453459223522024,1.4004208635957452e-11,0.710001255032526,0.03958698689070402,0.0,2.8000330996297014,5.5581085692126973e-05,0.0,5.494516461406895,0.0014089175458694302,0.0,9.200224723822107,0.0006938876444261092,0.0,2.000241715528471,-1.8867797292986124e-08,2.6927433785375974,3.743310920506649,2.062250393008297
108000.54819914115,-0.0018453459223517258,1.4262488272986389e-11,0.710016525243916,0.03954873732003189,0.0,2.800103215684327,5.540814756140841e-05,0.0,5.494315277035985,0.001355788285827407,0.0,9.196455155482404,0.00034124177727764464,0.0,2.0002377025699083,-1.8239923188095923e-08,2.6882533725297035,3.6977885400772976,2.063982233083164
110000.55835110221,-0.0018453459223514265,1.4424647462749779e-11,0.7100094696904249,0.03955852927160749,0.0,2.7999842001470356,2.4279971055099804e-05,0.0,5.496040248020296,0.0008489934707634124,0.0,9.210164815642372,0.0010032052117830443,0.0,2.000234063646672,-1.764628685024137e-08,2.6871577951159495,3.7010667649922704,2.0620182558579727
112000.56850306327,-0.0018453459223506858,1.4826050210743793e-11,0.7099990972616226,0.0395822560881234,0.0,2.8000189460957365,4.721297017303292e-05,0.0,5.498453823143874,0.0009123373809200638,0.0,9.220933657253196,0.0012301928809007286,0.0,2.00022980364172,-1.7084619569866904e-08,2.69485023734907,3.710119666042131,2.0645030903578943
114000.57865502434,-0.0018453459223503233,1.5022521345007842e-11,0.7100074895668945,0.03954185895942039,0.0,2.8000062087195556,8.671041492798339e-05,0.0,5.502720206944215,0.0005446600726706415,0.0,9.208978873569055,0.0005684395760045418,0.0,2.0002255245070164,-1.6552823343160343e-08,2.693434766605664,3.7109968376061646,2.0638836642999614
116000.5888069854,-0.0018453459223496279,1.539936520121885e-11,0.7100123201244865,0.03954674669437,0.0,2.7999225499223925,0.000131396114742624,0.0,5.505415289997256,0.0007366556314024137,0.0,9.193266438082762,0.0005114176700121627,0.0,2.000221288607104,-1.604895487828197e-08,2.699725171887638,3.7052881840266934,2.063994733805193
118000.59895894646,-0.001845345922349677,1.5372691189569366e-11,0.7100009323140235,0.03957324387856235,0.0,2.8000309624798647,0.00015005465117947983,0.0,5.508014176718436,0.0010427706975703606,0.0,9.20205462217531,0.0002943790336468042,0.0,2.0002164788573324,-1.557121124422336e-08,2.7012646808805054,3.6839203098097304,2.062319126055441
120000.60911090752,-0.001845345922350076,1.515647893655151e-11,0.7100004860433113,0.0395426109795152,0.0,2.800140551715778,0.00017651588385978077,0.0,5.508897801026608,0.0013290171717839777,0.0,9.222333141824686,0.0016094742441954744,0.0,2.000212083599155,-1.511791726246346e-08,2.7041582946640013,3.6916160364055814,2.0640458699380493
122000.61926286858,-0.0018453459223498037,1.5304067300568047e-11,0.710012008795356,0.03954309599473044,0.0,2.800093861276328,0.00013891954064958566,0.0,5.508595115875,0.0006782920423058958,0.0,9.216418355046999,0.0018869038651040091,0.0,2.000207195107818,-1.4687514150132425e-08,2.701825522623478,3.7210122884320707,2.062986688717416
124000.62941482964,-0.0018453459223478038,1.6387831218820035e-11,0.7100087501982252,0.03956795232281819,0.0,2.800083396693496,0.00012935525842655435,0.0,5.508657912879775,0.0015232439497633744,0.0,9.194224484435189,0.0010571962887179452,0.0,2.000202355013666,-1.427854956622764e-08,2.706498571713633,3.6933498507526314,2.063501611190027
126000.6395667907,-0.0018453459223469876,1.6830126284232645e-11,0.7100006871582799,0.03955475278763504,0.0,2.799969666144192,5.54484092987595e-05,0.0,5.506179309895728,0.0005646932252862946,0.0,9.197238857674279,0.001249102834631759,0.0,2.0001976635262206,-1.3889668918805805e-08,2.703675934184114,3.676090804177684,2.063875518999026
128000.64971875177,-0.001845345922346467,1.7112259773089093e-11,0.7100083805235574,0.03954104431179225,0.0,2.7999262313993714,5.093203272607635e-05,0.0,5.503476726653243,0.0008754166253929395,0.0,9.216985829676089,0.0015462600598436503,0.0,2.0001925232599693,-1.3519607828083975e-08,2.7034971710144085,3.715242093932784,2.062596711905894
130000.65987071283,-0.0018453459223455018,1.763528191340565e-11,0.7100160212341249,0.03956658635378869,0.0,2.8000519865217046,2.9354668887191926e-05,0.0,5.49966488157924,0.0005981453471532318,0.0,9.219367727956275,0.002494988470380818,0.0,2.0001878586274335,-1.3167184661000657e-08,2.7260506200211916,3.7081036599164805,2.0646529611385147
132000.67002186785,-0.001845345922345608,1.757770365037372e-11,0.7100041310489745,0.039562085873392175,0.0,2.7999961345714817,4.17587017515041e-05,0.0,5.4965397281274,0.00038789201584985526,0.0,9.203351235174607,0.0011041251470408292,0.0,2.000182849832621,-1.2831294227489904e-08,2.696755441008333,3.6998069309055577,2.062854567758396
134000.68017209298,-0.0018453459223456666,1.7545976852376538e-11,0.7100032338424377,0.03953462179685531,0.0,2.800033578525195,8.2747569473973e-05,0.0,5.495169787975517,0.0005251159585125073,0.0,9.195117288322413,0.0016575714505483164,0.0,2.0001779797705934,-1.2510901713631401e-08,2.694852348802923,3.7010181781777307,2.061999254488588
136000.6903223181,-0.0018453459223454016,1.768956998997861e-11,0.7100141099284266,0.039565410493010295,0.0,2.8000933703080637,0.00010558287722256982,0.0,5.4941309027738825,0.0009203963437343084,0.0,9.206952718818531,0.0013082828674903905,0.0,2.000173361835978,-1.220503756913132e-08,2.6924677382839284,3.689296236148373,2.063741190384382
138000.70047254325,-0.001845345922344376,1.8245376488225593e-11,0.7100086340648336,0.03956816358168777,0.0,2.800007030542335,0.00011053198406884921,0.0,5.495869199806657,0.00027411423628127097,0.0,9.21905468490094,0.002312739653493617,0.0,2.0001684254427534,-1.191279359862529e-08,2.689203692067691,3.7030133189905774,2.062598934108965
140000.71062276838,-0.0018453459223439171,1.8494020579196123e-11,0.7100001332220611,0.03954040794131211,0.0,2.8000057948684463,0.00013048215550353042,0.0,5.498129374561124,0.0008240521017670932,0.0,9.213902756335454,0.0009284597582526643,0.0,2.000164041783164,-1.1633318905607049e-08,2.694496355134761,3.704441727054725,2.065419870106789
142000.72077299352,-0.0018453459223433972,1.8775801548074824e-11,0.7100065031356732,0.039573337887146655,0.0,2.8000150164982607,0.00011354174287661598,0.0,5.5017751941784585,0.0007656128632653294,0.0,9.19646904532586,0.001056883794771522,0.0,2.000159450961254,-1.1365815646114574e-08,2.693557381738816,3.7121329309416837,2.064791865383892
144000.73092321865,-0.0018453459223426204,1.9196710401504147e-11,0.7100110399589,0.039581368163448864,0.0,2.7999141854643317,0.000147801609226761,0.0,5.505337440056106,0.0018886058287967081,0.0,9.196908859589387,0.0006591691700813353,0.0,2.000155076726015,-1.1109535629809175e-08,2.697429806642301,3.6840013062426076,2.0644268924466735
146000.7410734438,-0.0018453459223421106,1.9472968557398153e-11,0.7100028489996091,0.03955843358860658,0.0,2.8000313205575265,0.0001103776717807565,0.0,5.507682098990819,0.0014062760186013318,0.0,9.218158436581076,0.0017024019620500888,0.0,2.000151051772775,-1.0863777357950613e-08,2.6984017234137374,3.6815045443097674,2.063922601865398
148000.75122366892,-0.0018453459223424366,1.9296356048547156e-11,0.7100008027260073,0.03957108874566157,0.0,2.8001304188409972,0.00012288358718050402,0.0,5.509231719405428,0.002214659030646106,0.0,9.22106114612498,0.0010682650801560436,0.0,2.0001468249455177,-1.0627883483440514e-08,2.7040646363525838,3.693975310242979,2.0643723592008243
150000.76137389406,-0.001845345922342292,1.9374732990266128e-11,0.7100104964172361,0.0395846804629086,0.0,2.8000989314467857,8.12798635340715e-05,0.0,5.50871687897992,0.0016027541603373207,0.0,9.199946702402874,0.00013191225635995524,0.0,2.0001432003286115,-1.0401238291349378e-08,2.698601826345632,3.7091632954547924,2.0628619680709765
152000.7715241192,-0.001845345922340325,2.0440635896312294e-11,0.7100105590576307,0.03956007716048686,0.0,2.8000935771717517,7.856380790527065e-05,0.0,5.50865144274625,0.0020394273468637932,0.0,9.192523086729404,0.0002847827353066299,0.0,2.0001394750081842,-1.018326567547144e-08,2.7048503812077436,3.687354878965605,2.0618710226742203
154000.78167434433,-0.00184534592233911,2.109902570808351e-11,0.7100001598238425,0.03954875497820038,0.0,2.799968313333825,4.4922455397599054e-05,0.0,5.506811682587524,0.0017028036718132109,0.0,9.211722441012883,0.00040793808023312613,0.0,2.000136024161149,-9.973426927486965e-09,2.699402735354755,3.67543741860867,2.0636071823609523
156000.79182456946,-0.0018453459223387936,2.1270467923927556e-11,0.7100064735795021,0.039570886675785004,0.0,2.799943421218652,4.609285845803863e-05,0.0,5.503492244401151,0.0010408040775120241,0.0,9.222011840952216,0.001439871602559996,0.0,2.000132981597993,-9.771218451947216e-09,2.7017160860560896,3.7004751742494957,2.0619597760591386
158000.8019747946,-0.001845345922338488,2.143615231346841e-11,0.7100165355816151,0.039547545122529615,0.0,2.800032614299905,3.950485516042493e-05,0.0,5.500054658844396,0.0011244743876990214,0.0,9.207070709019758,0.0010921763773315933,0.0,2.000129806438283,-9.57616979149945e-09,2.7068072068316043,3.7203045752295902,2.0622218202579323
160000.81212501973,-0.0018453459223379996,2.1700777310096783e-11,0.7100044420594491,0.03952817666555622,0.0,2.800001235267193,6.811164237515239e-05,0.0,5.496666478593481,0.0009326637301066427,0.0,9.195381026025233,0.0007100268627924314,0.0,2.0001272521636473,-9.387841697364154e-09,2.6983487249790055,3.693079408759936,2.0630265141994606
162000.82227524486,-0.0018453459223376455,2.1892665684650128e-11,0.7100021581865611,0.03955731915928378,0.0,2.8000262749979314,9.343558281345157e-05,0.0,5.494818184316607,0.0014389519960299958,0.0,9.203856166060286,0.0006217674009770711,0.0,2.000124666963666,-9.205824581125125e-09,2.691947729988065,3.6965785905574156,2.063850239498399
164000.83242547,-0.0018453459223377548,2.1833442328388716e-11,0.7100154796424776,0.03953960821615834,0.0,2.800106424035282,0.00014471189020837086,0.0,5.494265076255031,0.0009421227629443833,0.0,9.217672393659218,0.0017735768802523736,0.0,2.0001223677089595,-9.029737028762239e-09,2.6892317940973287,3.7030926174192222,2.0652869095622486
166000.84257569513,-0.0018453459223369683,2.2259638981484235e-11,0.71001009349001,0.03952075983496492,0.0,2.799994264238546,0.0001507052544171132,0.0,5.495520527739335,0.001420743280866622,0.0,9.216826744137641,0.002147422951071231,0.0,2.0001204941915254,-8.859224199853106e-09,2.6906270618885713,3.7179188258825655,2.062705136648928
168000.85272592027,-0.0018453459223368729,2.231134191155372e-11,0.7099996244858149,0.03954481947280851,0.0,2.800011059194436,0.00019280193994469764,0.0,5.498425251401491,0.0002798990085454814,0.0,9.199695431028902,0.001267213428004902,0.0,2.0001185245328146,-8.693956315800499e-09,2.6889056327179603,3.7061066674723375,2.0646385109570593
170000.8628761454,-0.0018453459223356846,2.295527840423733e-11,0.7100062282151965,0.039535580145389514,0.0,2.800019104324174,0.00018015774864840354,0.0,5.501503357753552,0.0007340181801195683,0.0,9.194400854043216,0.0014386835104836222,0.0,2.0001171532491617,-8.53362720216713e-09,2.6977454250711084,3.690033227363735,2.0650605905777586
172000.87302637054,-0.001845345922335331,2.3146931765472174e-11,0.7100125203071966,0.03951767110565103,0.0,2.7999111749507755,0.00022803965410289717,0.0,5.504989640341024,0.0004314684200403259,0.0,9.21141930778094,0.0017371895800646238,0.0,2.0001157695071425,-8.377953156576928e-09,2.6983168850347554,3.6863106155705996,2.0636830792691154
174000.88317659567,-0.0018453459223353957,2.3111797274356773e-11,0.7100013005217525,0.03952988523071694,0.0,2.800032033564135,0.00017694921768183572,0.0,5.507689583150285,0.0013121737220020868,0.0,9.223223854427307,0.0024423281793207333,0.0,2.0001146483545043,-8.226671630863506e-09,2.7036676904138877,3.692316498756857,2.0619254572663075
176000.8933268208,-0.0018453459223355562,2.3024842346512636e-11,0.7099999417818765,0.03954087332388758,0.0,2.8001073952818216,0.0001431370841662243,0.0,5.508724196346309,0.0006539776703079186,0.0,9.207329552548709,0.0011330038853423954,0.0,2.000113935553076,-8.079540004771203e-09,2.703506476121957,3.7019557213371512,2.06328394738072
178000.90347704594,-0.0018453459223360645,2.2749406737233373e-11,0.710012300906637,0.039515422271840156,0.0,2.8001119756075408,7.967060088461106e-05,0.0,5.50882693052204,0.001337947929816631,0.0,9.191168395276465,0.0014378081024968062,0.0,2.0001131127841165,-7.93633471456018e-09,2.7050838396128896,3.692387366656714,2.0638564571653917
180000.91362727107,-0.001845345922334123,2.3801561364147424e-11,0.710009950970005,0.03952517657952494,0.0,2.8000969811494936,8.306924669987535e-05,0.0,5.5085784409303145,0.00075320466787209,0.0,9.20608183411368,0.0012991355243633018,0.0,2.0001128252213403,-7.79685016667343e-09,2.7014605375590306,3.6802045725982566,2.0643746517689854
182000.9237774962,-0.0018453459223328557,2.4488270280797607e-11,0.7099998033383756,0.03954877054859993,0.0,2.7999856742162392,0.00015958261788339575,0.0,5.506846743456654,0.0010521197342227902,0.0,9.222690950160787,0.0020401672157530767,0.0,2.0001125105281576,-7.660897535346685e-09,2.704760063125777,3.69394855662761,2.0633105316001976
184000.93392772134,-0.001845345922332387,2.4742202171434337e-11,0.7100081758372035,0.03951952622754972,0.0,2.7999218750271075,0.0002181801294257461,0.0,5.503989260917341,0.0008931791160541182,0.0,9.212327223384357,0.0006980105017031585,0.0,2.0001123944861217,-7.528303843933214e-09,2.7022456365042173,3.7035855066298264,2.0617637339522874
186000.94407794648,-0.0018453459223317155,2.510612029512797e-11,0.7100172510291642,0.03952792168835759,0.0,2.8000396577526296,0.0002449381758385182,0.0,5.500225085343762,0.00013839275713632668,0.0,9.195296108544495,0.0006569269734551707,0.0,2.000112624394809,-7.398910983434381e-09,2.7046567840254627,3.699716271553123,2.063765481764177
188000.9542281716,-0.0018453459223303065,2.586967856692689e-11,0.710002916486603,0.03955733439860607,0.0,2.7999981958985334,0.0002889231570856464,0.0,5.497540921173903,0.00043791850577017523,0.0,9.198868802450463,0.0001440862609528096,0.0,2.000112697138814,-7.27257487036265e-09,2.700396143530966,3.6912431055713584,2.062992503034692
190000.96437839675,-0.0018453459223299786,2.6047348635711126e-11,0.7100024677285997,0.039532647903836086,0.0,2.800023366642402,0.0002833023364670236,0.0,5.4949366521608125,0.0010076431254553706,0.0,9.215880558752291,0.0010427874658244913,0.0,2.0001132168231597,-7.1491643990994265e-09,2.694999230404264,3.699139547837032,2.0662270696921574
192000.97452862188,-0.001845345922329785,2.6152282082420335e-11,0.7100161208087576,0.03953651076973227,0.0,2.800105752770806,0.000315691071733115,0.0,5.494234685974297,0.0003376115793899914,0.0,9.218436316280755,0.0013133049958099106,0.0,2.0001136566235727,-7.028560343801665e-09,2.691995968290693,3.708875505058735,2.064613305251958
194000.98467884702,-0.0018453459223285729,2.6809144307621312e-11,0.7100079875061055,0.03956688272244295,0.0,2.7999958905606506,0.0002670347180120922,0.0,5.495406154851205,0.0009726928607614202,0.0,9.205063226004796,0.0006265819955107762,0.0,2.000114203099467,-6.910654534129099e-09,2.694446653227233,3.7190107481590235,2.0623172475469715
196000.99482907215,-0.0018453459223274121,2.7438157454580318e-11,0.7099994638294406,0.03955470310630114,0.0,2.80002295956861,0.0002649339684348287,0.0,5.497530124082634,0.0002989496432699319,0.0,9.19480971091883,0.0008853108095458405,0.0,2.0001150193529824,-6.795349180288972e-09,2.691218108608995,3.7047084164481183,2.064364396570616
198001.0049792973,-0.0018453459223269463,2.7690561758646813e-11,0.7100083967437469,0.039542077219984054,0.0,2.8000122097484637,0.00021758210265401172,0.0,5.501317773454478,0.0013706399361273773,0.0,9.205617564808085,0.0004700912415806629,0.0,2.000115609971673,-6.682556115673725e-09,2.6969212673617826,3.700780470502708,2.0633517078301042
200001.01512952242,-0.0018453459223263056,2.8037793936727114e-11,0.7100111314256943,0.03956722215909667,0.0,2.799925015739584,0.0001759063293569584,0.0,5.504527715256899,0.0011228080300901173,0.0,9.221990900555594,0.0021081500734294292,0.0,2.0001165391514046,-6.572195877542313e-09,2.6942298970502643,3.7008718788884507,2.0617293007620314
202001.02527974756,-0.0018453459223256275,2.8405237260198217e-11,0.7100015155119013,0.03956671434841515,0.0,2.800011042999663,0.00017794283541131155,0.0,5.507616525942787,0.0019702935605687894,0.0,9.213099680826993,0.0016651689602731822,0.0,2.000117324500388,-6.464196958800178e-09,2.6989954617784573,3.723786592448229,2.0623513404141556
204001.0354299727,-0.0018453459223257542,2.8336613371196898e-11,0.710001543453502,0.039530460161127635,0.0,2.800111814246978,0.00021602429983466606,0.0,5.5088765717284325,0.0019613339212823486,0.0,9.193015672214742,0.0013890569499055679,0.0,2.000118120271819,-6.358495130870761e-09,2.69811176736178,3.70349201277898,2.0622188547756406
206001.04558019782,-0.0018453459223261577,2.811793347833482e-11,0.710011011313517,0.03955803378778805,0.0,2.8001076251964854,0.00028047178516938607,0.0,5.508698854820749,0.0016988007858426521,0.0,9.19912735782304,0.0011539593883964031,0.0,2.000119098504318,-6.2550327132658264e-09,2.6986798483285996,3.6872351524497238,2.0635850355217955
208001.05573042296,-0.0018453459223240945,2.9236009341087464e-11,0.7100084337437548,0.03956383289461108,0.0,2.8001090338972348,0.0003495374623208762,0.0,5.509185713365548,0.0021795007715795693,0.0,9.220279734987987,0.002170700845543076,0.0,2.0001197749134003,-6.153757911429346e-09,2.7013243655538175,3.6891846174243637,2.0619029217568072
210001.0658806481,-0.0018453459223235576,2.9526955829387576e-11,0.7100006759453721,0.03952773531468625,0.0,2.799982290570018,0.00035904997310850264,0.0,5.506905664193867,0.0012723485716432217,0.0,9.218750067141542,0.002197628397932384,0.0,2.0001206903835684,-6.054624129560423e-09,2.6975754331085025,3.7040323250883938,2.062142940062321
212001.07603087323,-0.0018453459223233258,2.965257044812458e-11,0.7100075599236362,0.03955636449279648,0.0,2.7999272970329567,0.000374903852460618,0.0,5.5043246511971935,0.0016501413971211083,0.0,9.197843828783917,0.0010945556534387609,0.0,2.0001214008087573,-5.957589327387234e-09,2.700603566971468,3.7015258949923577,2.064209289973876
214001.08618109836,-0.001845345922323044,2.980521159848882e-11,0.7100151802492947,0.03957076775327828,0.0,2.8000390179884587,0.00030883964161292565,0.0,5.500515949344848,0.0003918438622340843,0.0,9.195845623987267,0.0013216751416752846,0.0,2.0001220278692355,-5.862615489524707e-09,2.69513164280977,3.694918465820866,2.061541290929946
216001.0963313235,-0.001845345922322709,2.9986759387028265e-11,0.7100048057889204,0.03954500005055603,0.0,2.799984812325394,0.0003081711586759833,0.0,5.497180224460162,0.001050920358601412,0.0,9.212642951860078,0.0015334978472575835,0.0,2.000122763772567,-5.7696680311420834e-09,2.700420774107756,3.687870049743816,2.0612943096643543
218001.10648154863,-0.001845345922322465,3.011907188534245e-11,0.7100033948030031,0.03956287259808781,0.0,2.800034722344176,0.000250275436168378,0.0,5.495241128233329,0.0004272471781592775,0.0,9.219262587783065,0.0018259235142763228,0.0,2.0001231400788666,-5.678715252180852e-09,2.69267248802759,3.707501122754174,2.0652174643549914
220001.11663177377,-0.0018453459223223177,3.019885890697241e-11,0.7100143056728735,0.039585175713268105,0.0,2.800096773907555,0.00020708218032826453,0.0,5.494033714547934,0.0013599994550916607,0.0,9.208571025997328,0.00023695460853558097,0.0,2.0001236713660555,-5.5897278334698675e-09,2.692613681460044,3.7140764131034794,2.0617014440631687
222001.1267819989,-0.0018453459223216338,3.0569474910243225e-11,0.7100097686272685,0.03956303436425752,0.0,2.8000073614423786,0.0002092849739550597,0.0,5.495631812650182,0.0005549314517724985,0.0,9.195446372186932,0.0006842251627683193,0.0,2.0001239509507687,-5.502678395591161e-09,2.6864872070681245,3.711710225893494,2.0632220533625953
224001.13693222404,-0.0018453459223208043,3.1018937881870014e-11,0.7100002207654885,0.03956604069677916,0.0,2.800012288181194,0.00021769405618374816,0.0,5.497382078821456,0.0007667826357835934,0.0,9.202036826134822,0.00045121275830195946,0.0,2.0001240836257264,-5.417541134533757e-09,2.693410959956238,3.698131453713808,2.0617468050306704
226001.14708244917,-0.0018453459223206935,3.107898378474617e-11,0.7100056182007412,0.0395992122656532,0.0,2.8000255209285174,0.00024837663916294124,0.0,5.5009088555922565,0.00012536018291399366,0.0,9.218772825566626,0.0012698610823183192,0.0,2.00012427746345,-5.334291430927073e-09,2.6964342381131163,3.700029428356742,2.0615373207842023
228001.1572326743,-0.0018453459223204782,3.119566789738026e-11,0.710011952955051,0.039581618956852804,0.0,2.799913751747166,0.0003032553206305159,0.0,5.504581074142358,0.0011015795527946866,0.0,9.21784943071077,0.0011139170178570542,0.0,2.00012407295919,-5.2529054876939815e-09,2.7008965183271307,3.7073526800927037,2.0628733014645233
230001.16738289944,-0.001845345922320147,3.1375100566053226e-11,0.710002198780079,0.039574771742606846,0.0,2.8000136559118554,0.0003229328645722748,0.0,5.5070725182961695,0.0007399040738832961,0.0,9.197839180286135,0.0003826169017250492,0.0,2.0001239716998587,-5.173359901117227e-09,2.7028201360849264,3.70793870402623,2.0642485704044566
232001.17753312457,-0.0018453459223203214,3.1280625212017163e-11,0.7099999757377282,0.039624957154516915,0.0,2.8000963485738444,0.000375880110818058,0.0,5.508905524821795,0.001598815842601299,0.0,9.193516068673684,0.000765793880830687,0.0,2.000123605956806,-5.095631393416363e-09,2.70404573728602,3.68904908017631,2.0637587304349188
234001.1876833497,-0.001845345922321323,3.07378619529468e-11,0.7100116777186695,0.039609056823299245,0.0,2.800102187925728,0.0003376937779495103,0.0,5.508580036674299,0.0010124394004484673,0.0,9.215560492155097,0.0009754377351946645,0.0,2.0001230592335246,-5.019696561951535e-09,2.701688253741549,3.6861911825192535,2.0623584452160433
236001.19783357484,-0.0018453459223198541,3.1533852062698404e-11,0.710010977273496,0.0396017251278976,0.0,2.800129939529385,0.0003132941481156748,0.0,5.508814452208833,0.001353928524547627,0.0,9.222937137065617,0.0020665307364107215,0.0,2.000122555312345,-4.945531677865481e-09,2.703565337863041,3.7063884043220834,2.0643198715234243
238001.20798379998,-0.0018453459223183837,3.233066471906474e-11,0.7099993161904419,0.03965001585186627,0.0,2.799983908776987,0.00022032233277585018,0.0,5.507310596456973,0.0014162092457951124,0.0,9.20328031251679,0.00108065641826596,0.0,2.000121652820537,-4.873112520394727e-09,2.7033527273589866,3.7083497527519955,2.062107572247207
240001.2181340251,-0.0018453459223175355,3.2790350770046174e-11,0.710007228220611,0.039642706097088296,0.0,2.799931678419993,0.00017460028998556113,0.0,5.504451377975088,0.0006441330964495818,0.0,9.193256823257322,0.0012593833345512881,0.0,2.0001208388187237,-4.802414186607641e-09,2.702749602450014,3.6843377875369567,2.066413060977777
242001.22828425025,-0.0018453459223168175,3.317941531881906e-11,0.71001777596269,0.03962777380185296,0.0,2.8000249395930297,0.00016946115018411754,0.0,5.501423540180047,0.0008669342737096277,0.0,9.207556267365382,0.0009253786876886131,0.0,2.000119773278365,-4.733410943092673e-09,2.7036437998878378,3.6797227335503995,2.0623313322150136
244001.23843447538,-0.001845345922315666,3.3803375679430366e-11,0.7100026945529799,0.03966373396823758,0.0,2.8000020338578326,0.00016968708457342036,0.0,5.497489703702627,0.0004304811442371472,0.0,9.220389669718127,0.002335487720007996,0.0,2.000118528380545,-4.666076042758524e-09,2.6991060602801875,3.701800361307917,2.066318764512059
246001.24858470052,-0.0018453459223152454,3.4031338598373105e-11,0.7100018647318012,0.0396719886336901,0.0,2.8000185494080316,0.00020336686495862414,0.0,5.495342240088122,0.00042835581854576557,0.0,9.211371284620997,0.0015608279238641144,0.0,2.0001173461744326,-4.60038156009823e-09,2.6955688810833744,3.701677318422999,2.064258256434047
248001.25873492565,-0.0018453459223148022,3.427152220987772e-11,0.7100172709761706,0.03964349597261171,0.0,2.800103971208145,0.00024848219572787603,0.0,5.4942161652586305,0.0006595890359050615,0.0,9.19718760225094,0.0012743675680225851,0.0,2.000115794373582,-4.536298434566608e-09,2.694112950487929,3.7203980300811015,2.061411952412451
250001.26888515078,-0.0018453459223144184,3.4479508996748154e-11,0.7100084989843312,0.03966808534335996,0.0,2.8000021985020576,0.0002486576663809088,0.0,5.495000889953531,0.0006800031590178744,0.0,9.199253437806256,0.0008909423545937059,0.0,2.000114345573558,-4.473796443238336e-09,2.6911849162974217,3.6973079555681894,2.0625043048670113
252001.27903537592,-0.001845345922313941,3.4738258660414083e-11,0.7099991064933763,0.03968900592335828,0.0,2.8000194804585,0.0002813785030063787,0.0,5.497250345283966,0.00046892640218230806,0.0,9.214749413889415,0.001944952806773864,0.0,2.000112693160459,-4.412844152302053e-09,2.693661791663023,3.702185809778508,2.0627592097804355
254001.28918560105,-0.001845345922313423,3.5018864562700296e-11,0.7100088841448783,0.03965043351509354,0.0,2.800029984420992,0.00025902026928912246,0.0,5.500423635279765,0.00047663887773772277,0.0,9.220905339800282,0.0018056503883714878,0.0,2.0001108957771145,-4.353408908400426e-09,2.6950125620450023,3.7013187118887987,2.061648701047375
256001.2993358262,-0.0018453459223131607,3.516104762039139e-11,0.710011830399576,0.03966721876850512,0.0,2.7999119038838725,0.000282777431422733,0.0,5.50413245738506,0.001205608998995048,0.0,9.203973262811314,0.0006828811910673456,0.0,2.000109200905377,-4.295456883811439e-09,2.697985887843584,3.7085963953228336,2.0618462872467713
258001.30948605132,-0.0018453459223120785,3.5747523356702314e-11,0.7100005354538029,0.03969480306330585,0.0,2.80000986575012,0.00021711797994475264,0.0,5.507047628540898,0.001683030651747328,0.0,9.191935947653706,0.0008663931251134646,0.0,2.0001071910125585,-4.238953150432051e-09,2.6995934096336462,3.6933017798404615,2.062641926917557
260001.31963627646,-0.001845345922312091,3.5740707970465884e-11,0.7100013047015027,0.039657532957011035,0.0,2.8000799712358133,0.00017907605844059494,0.0,5.508696006830609,0.0013999828060426984,0.0,9.208336982265404,0.0010819986524767651,0.0,2.000105327403736,-4.183861694953158e-09,2.7044762079490914,3.6800460946781794,2.0662870952196526
262001.3297865016,-0.0018453459223125575,3.548795114642164e-11,0.7100120277863144,0.03967160310143424,0.0,2.8001212612045374,9.571364941308023e-05,0.0,5.509209578290855,0.001959663230029916,0.0,9.222981167631945,0.001423175320275143,0.0,2.0001033243088915,-4.130145510562736e-09,2.704490712300004,3.6873866788533793,2.0637647041504716
264001.3399367267,-0.0018453459223112666,3.618746828892995e-11,0.710007466099479,0.039699862482364005,0.0,2.8001227548764303,3.346781854761268e-05,0.0,5.5088076406633535,0.001248862872797729,0.0,9.209972875187114,0.0005723593966639993,0.0,2.000101226142606,-4.077766650140454e-09,2.703618424694003,3.7124196711525506,2.064862034902594
266001.35008695186,-0.0018453459223096514,3.7062775393674503e-11,0.7100005420282763,0.03967866005465,0.0,2.7999950288048248,8.112443922251062e-05,0.0,5.50749676783076,0.0018793571139746282,0.0,9.192176840852328,0.00041907327144606994,0.0,2.000099290248367,-4.026686343339915e-09,2.7057004471956083,3.698495769236257,2.062262296456726
268001.360237177,-0.0018453459223086639,3.759790071989369e-11,0.7100087044174361,0.03968082133833248,0.0,2.799924404897002,0.00012845149790774994,0.0,5.504788238273139,0.0008533153674393406,0.0,9.20297469058142,0.00012542338984158577,0.0,2.000097110055462,-3.976865117688816e-09,2.6973057789870913,3.679110723682867,2.0641545961043284
270001.37038740213,-0.0018453459223079106,3.800611885412414e-11,0.7100152141940874,0.039710221377443386,0.0,2.800033529120337,0.00012730768135113605,0.0,5.501126161949878,0.0010647924644776848,0.0,9.220632506123993,0.0012274566568108466,0.0,2.00009512616693,-3.928262906010097e-09,2.702277558454708,3.696649392293431,2.0617730352144257
272001.38053762726,-0.001845345922306831,3.859118451052408e-11,0.7100040343638727,0.03969793623499118,0.0,2.799987306900681,0.00014970425001982647,0.0,5.497916345951352,0.00048078886241413745,0.0,9.215445559364051,0.0015420129191846903,0.0,2.000093074511968,-3.880839162038187e-09,2.6955891604543094,3.7172513305039625,2.0662280838148566
274001.3906878524,-0.0018453459223063662,3.884300128129433e-11,0.7100040038070518,0.03968200190441947,0.0,2.8000166387900745,0.00013936398771983966,0.0,5.4953412138306685,0.0013792849400056902,0.0,9.199603106209784,0.0005062505785856504,0.0,2.000090989520744,-3.834553021568028e-09,2.6959677602758854,3.7072351293569077,2.065772149303149
276001.40083807753,-0.0018453459223057042,3.9201749111981016e-11,0.7100145014856678,0.03971527890827831,0.0,2.8001050656874438,0.00017450533601675995,0.0,5.494374560151293,0.001100917734378897,0.0,9.19648232654801,0.0011379287882298153,0.0,2.0000891269845975,-3.789363380388834e-09,2.6901375232360074,3.7006934326389107,2.062833639986154
278001.41098830267,-0.0018453459223053729,3.9381299287313235e-11,0.7100085362635149,0.039708348525144044,0.0,2.800001167400858,0.00013536323560023807,0.0,5.495010897522007,0.001183338588737127,0.0,9.210703725747956,0.0009569649159293603,0.0,2.0000870877621737,-3.745229034773971e-09,2.689621579685183,3.691994634633584,2.063871090291527
280001.4211385278,-0.0018453459223047094,3.9740869664614665e-11,0.7100002576520971,0.03968322777362394,0.0,2.800033517594247,0.0001571352053936613,0.0,5.496877798301531,0.0009663759751036901,0.0,9.220357669573206,0.002299031995032969,0.0,2.0000852960584288,-3.702108858077584e-09,2.690948375927329,3.7258771944491786,2.0623729059573073
282001.43128875294,-0.0018453459223047913,3.9696452147418607e-11,0.7100067077912433,0.039724743915475126,0.0,2.80001938928646,0.0001486270442275044,0.0,5.500601973562918,0.0006640986877776285,0.0,9.20897363097389,0.0011453963566195094,0.0,2.0000835054618586,-3.6599619548132172e-09,2.6938849070253172,3.7107311575219932,2.0638707823437654
284001.4414389781,-0.0018453459223044103,3.9902911347718805e-11,0.7100110912011115,0.03972322420823469,0.0,2.799922273301223,0.00016571516905587675,0.0,5.503643517936509,0.0006546892309911704,0.0,9.19384473047109,0.0014091767825949017,0.0,2.0000817314590194,-3.618747797572273e-09,2.6988693154307994,3.706348058888105,2.062705355599882
286001.4515892032,-0.001845345922303941,4.015719575833328e-11,0.710002401526364,0.03969921037420162,0.0,2.7999999609996116,0.00014434254959702872,0.0,5.506865488890102,0.0011909337005822252,0.0,9.20191019862108,0.0010817903898008405,0.0,2.00008022756418,-3.5784263769955613e-09,2.6999989975663414,3.685647487576628,2.0653249130523053
288001.46173942834,-0.001845345922303572,4.03571920923748e-11,0.7100009263749422,0.03973075566264936,0.0,2.8000834831054253,0.00011553661964303628,0.0,5.508567356676621,0.0013694949374159398,0.0,9.222212489144667,0.002415053783735712,0.0,2.0000786058536812,-3.5389583369583626e-09,2.702187672193425,3.687911389008745,2.0625925649914794
290001.4718896535,-0.0018453459223041581,4.00395715924252e-11,0.7100109503752453,0.039735065492309936,0.0,2.800098584895717,7.291980956779819e-05,0.0,5.508609845503371,0.000922940973373511,0.0,9.21665051296367,0.001638781292017044,0.0,2.0000772654499515,-3.500305075728305e-09,2.7023044879670812,3.715402263608224,2.0645874724148388
292001.4820398786,-0.001845345922302466,4.0956593561203095e-11,0.7100102280203117,0.03970711430908952,0.0,2.8001422650579872,1.8930186748731093e-05,0.0,5.509008088395186,0.0016052735171166285,0.0,9.19430703396534,0.0011759756154157582,0.0,2.000075972544125,-3.4624288646433568e-09,2.7035226593309227,3.7011317130882593,2.0623829704549403
294001.49219010375,-0.0018453459223008624,4.182555530634822e-11,0.7099996223294026,0.03971311759646933,0.0,2.8000034469229997,0.00010906373131291185,0.0,5.507502739676454,0.0008100346021935071,0.0,9.19672462789118,0.0009236250309674987,0.0,2.000074729615832,-3.425292981355504e-09,2.7005681827239987,3.6855012596677654,2.0625601825532374
296001.5023403289,-0.0018453459223000837,4.2247521719710774e-11,0.7100067741701527,0.039725458638602544,0.0,2.7999238312134573,0.00016911896971933999,0.0,5.5055142625355025,0.0013484319776230983,0.0,9.216955087165587,0.0015705114383566267,0.0,2.0000737863419293,-3.388861836977089e-09,2.702822052842792,3.686011428398279,2.063792119604544
298001.512490554,-0.0018453459222994753,4.2577245405563006e-11,0.7100166712441165,0.03969271878512703,0.0,2.8000323492256305,0.0002072245462198956,0.0,5.501589106012632,0.0005563113041406693,0.0,9.219743171130553,0.001498914982163626,0.0,2.000072757605022,-3.3531010872797434e-09,2.697894626714608,3.709119660160886,2.063067253123801
300000.0137305964,-0.0018453459222985428,4.308252404033299e-11,0.7100065869123412,0.03971419020950926,0.0,2.7999463927928585,0.00023880678879202927,0.0,5.506516029360473,0.001399672165887844,0.0,9.192962097732837,0.001334699089893534,0.0,2.000071948733379,-3.318003993598587e-09,2.6993873137639652,3.718115720700789,2.063259663405242
302000.02388082154,-0.0018453459222979556,4.340073207357882e-11,0.7100001158283474,0.039688951137214525,0.0,2.7999588840185843,0.0002725641212401545,0.0,5.504190941911719,0.0016201166332693634,0.0,9.209909175205397,0.0012493611365015477,0.0,2.0000713881863055,-3.28348597575511e-09,2.7005572030242986,3.6827338633415594,2.0647501655757017
304000.03403104667,-0.0018453459222975543,4.361823689984842e-11,0.710010634186668,0.03968499237369113,0.0,2.800042412972183,0.000280190462738953,0.0,5.499815161202265,0.0002599781648432184,0.0,9.221588038922095,0.0021222967083382874,0.0,2.000070755714841,-3.249543636249574e-09,2.706225721097356,3.7023337308479807,2.06573352912139
306000.0441812718,-0.0018453459222969094,4.3967701704454444e-11,0.7100104005911048,0.03970344063319087,0.0,2.799966745143518,0.00029772982655040906,0.0,5.496968387171155,0.0006795905516672467,0.0,9.209439232818294,0.000593816625558893,0.0,2.000070381214992,-3.216148395874379e-09,2.698129862328537,3.706001620413451,2.0639155285968402
308000.05433149694,-0.0018453459222960969,4.4407999156659827e-11,0.7100005107988686,0.03968789417677081,0.0,2.8000707874965904,0.0002806716099480416,0.0,5.494750978078458,0.00037202999313925276,0.0,9.196105478107231,0.0008312147349488655,0.0,2.0000701150049927,-3.1832732620480723e-09,2.692449908582534,3.7075453888493937,2.0624877501582604
310000.0644817221,-0.001845345922295569,4.4694010365271486e-11,0.7100029570710495,0.039656392421361625,0.0,2.800078425931593,0.00028496246441020174,0.0,5.494119492061268,0.0008766370307969888,0.0,9.201015581403064,0.0002442501211436596,0.0,2.0000698665859264,-3.1508928583110527e-09,2.6937251512896023,3.7019844602874508,2.062096039728035
312000.0746319472,-0.0018453459222948396,4.508930276698456e-11,0.7100112674373726,0.03967362634153787,0.0,2.7999892174318215,0.00022318396222337534,0.0,5.495667220152223,8.98178293485147e-05,0.0,9.21583447186402,0.0012146098164740422,0.0,2.0000699205290884,-3.1189834546343275e-09,2.6919804378038896,3.703905976559133,2.0671405900976394
314000.08478217234,-0.0018453459222935512,4.578752733624113e-11,0.7100064383935942,0.039661741601700114,0.0,2.8000464540922296,0.00021885173669319432,0.0,5.497790453410079,0.0003959109213911702,0.0,9.219064854429307,0.0013088743124779938,0.0,2.000069893764862,-3.0875230183604527e-09,2.6952805055596087,3.7092424803786943,2.0626057067203662
316000.0949323975,-0.001845345922292869,4.615720328623796e-11,0.7100002718823787,0.03961594475578107,0.0,2.7999812587276582,0.0001880898941483468,0.0,5.501814387152384,0.0008317257813509949,0.0,9.202150144188275,0.00036778453613122667,0.0,2.0000700951769215,-3.0564912041980537e-09,2.6957259600635473,3.719772841441999,2.0633927722552707
318000.1050826226,-0.0018453459222928267,4.618011708479148e-11,0.7100086582739803,0.03963457051940417,0.0,2.7999295500698063,0.00018282756557291304,0.0,5.504870328994542,0.000981659789315064,0.0,9.193268450841712,0.0007052393374128469,0.0,2.000070388113169,-3.0258693347068737e-09,2.698290697900174,3.6979253171475155,2.0625437632726937
320000.11523284775,-0.001845345922291835,4.6717475037536394e-11,0.7100137578452718,0.03962964107779797,0.0,2.8000396573188455,0.0002417220523500759,0.0,5.507677245006533,0.0011070617312546988,0.0,9.210318018677581,0.0006707621502223993,0.0,2.0000706648925064,-2.9956404099296774e-09,2.700429734761991,3.6875512837935918,2.061998486872422
322000.1253830729,-0.0018453459222922315,4.650267286442953e-11,0.7100032499844137,0.03958863177368941,0.0,2.8000873853468984,0.0003021248771955648,0.0,5.509143586746117,0.0016046321163754988,0.0,9.223248416423322,0.0019127664203122167,0.0,2.0000712052440615,-2.9657890771693966e-09,2.702464247377705,3.696901385602556,2.0622978300567776
324000.135533298,-0.0018453459222923184,4.6455552694070745e-11,0.7100043534479048,0.039602818786440175,0.0,2.800122540726781,0.0003725441189389551,0.0,5.50866951664118,0.0007695033566334643,0.0,9.208293446237484,0.001285819689625644,0.0,2.000071639435194,-2.936301570295399e-09,2.7071655396995373,3.714056361426409,2.0621977622404772
326000.14568352315,-0.001845345922290051,4.7684319829835794e-11,0.7100159512680791,0.03960513888105934,0.0,2.8001150885631514,0.000400647622741522,0.0,5.508803604687228,0.0016321252255116609,0.0,9.191046370764232,0.0012914969634776833,0.0,2.000072250324983,-2.9071656773249783e-09,2.707255539177378,3.692655848247737,2.063457264315081
328000.1558337483,-0.001845345922288786,4.836985367989349e-11,0.7100085648639698,0.039568641682727335,0.0,2.7999394357435716,0.0003713540507602273,0.0,5.50668347946484,0.0006695907105627538,0.0,9.204324137112357,0.0009602030669725196,0.0,2.0000729150654606,-2.878370721648697e-09,2.7006712301693385,3.6797278270988087,2.0628678011622097
330000.1659839734,-0.001845345922288072,4.875668560214065e-11,0.710000813436404,0.0395678421011708,0.0,2.7999656410858766,0.00035975010457506957,0.0,5.503894551996318,0.000839008945377975,0.0,9.221841213995194,0.002167514202703515,0.0,2.0000735171149406,-2.8499075215572716e-09,2.7045495872087906,3.693234774645729,2.0635936816329292
332000.17613419855,-0.0018453459222880072,4.879182009325605e-11,0.7100083604099137,0.039577219041724086,0.0,2.8000262072140756,0.00029852947971087764,0.0,5.500294173767474,0.000151377530341155,0.0,9.214240114348268,0.0018082020520866092,0.0,2.0000743314500866,-2.8217683034266707e-09,2.69974679835199,3.7061711813877984,2.0653050645591953
334000.1862844237,-0.0018453459222874302,4.9104505313517194e-11,0.7100116898122203,0.03954454698872874,0.0,2.7999741400160305,0.0002845840369759981,0.0,5.497025511258631,0.0010127755170306217,0.0,9.19792829108747,0.00097257009545823,0.0,2.000074996020809,-2.793946632672098e-09,2.7008830179387004,3.697043728694633,2.0630940616260087
336000.1964346488,-0.0018453459222869289,4.93761807097005e-11,0.7100005966902796,0.03952868976811806,0.0,2.8000658156106035,0.00023591704943606273,0.0,5.495315013683889,0.0005467971970030513,0.0,9.197755211808538,0.0010934905816504653,0.0,2.00007577558462,-2.7664373352664142e-09,2.6930247914958656,3.696247952507688,2.062686964035928
338000.20658487396,-0.001845345922286734,4.94818191963652e-11,0.7100009183225349,0.039557606482929074,0.0,2.80007198360816,0.00023878760660436002,0.0,5.494207783181773,0.0013333292395907692,0.0,9.213080202552028,0.0016659369661753665,0.0,2.000076566977828,-2.73923639494152e-09,2.692262659787408,3.7023573862841688,2.065381865720769
340000.2167350991,-0.0018453459222864117,4.965643409200896e-11,0.7100123473539596,0.03952356796034386,0.0,2.7999993363344164,0.0002793781736745891,0.0,5.495429847795684,0.0007050276053672741,0.0,9.219218300372413,0.0018664291732027865,0.0,2.000077240874975,-2.7123408818895336e-09,2.686410736156818,3.7104079648675747,2.06757131099463
342000.2268853242,-0.001845345922286289,4.9722942861143804e-11,0.7100080089011119,0.03950710681055892,0.0,2.80004610647358,0.00029309739940878987,0.0,5.497811307218574,0.0010265907508500702,0.0,9.206694274538544,0.0004049524788704899,0.0,2.0000780702513072,-2.6857488460354513e-09,2.6913245334776024,3.715614353233524,2.0626689797431217
344000.23703554936,-0.0018453459222860708,4.984115456034813e-11,0.7099991492679364,0.03954180678576605,0.0,2.7999910874961853,0.00034447327068398026,0.0,5.501118479545795,0.000719739798787545,0.0,9.193892803025404,0.0007971055760961931,0.0,2.000078708744385,-2.659459220151187e-09,2.6953534149206497,3.707787470586506,2.063414979109192
346000.2471857745,-0.001845345922285219,5.0302720717877545e-11,0.710009027104761,0.03951402886735488,0.0,2.7999154467295075,0.00039593290384234774,0.0,5.504668697581049,0.0015947005332199798,0.0,9.203842157852714,0.0007465989009058731,0.0,2.0000794052437576,-2.6334717297980137e-09,2.697813102412318,3.6925570764254236,2.062220352652772
348000.25733599963,-0.0018453459222844075,5.074254814344593e-11,0.7100164807936133,0.03949231987219833,0.0,2.800049471268298,0.0003982480551844428,0.0,5.507376316667723,0.001663250814469209,0.0,9.222798149094135,0.0016829247513178759,0.0,2.0000800716033837,-2.607786795478307e-09,2.6966558878519167,3.691717545160168,2.0625539247128337
350000.26748622477,-0.0018453459222846438,5.0614465884864705e-11,0.7100012374620075,0.03952173651267216,0.0,2.800064393043087,0.00041096953110220205,0.0,5.508745894870666,0.0017643314131718178,0.0,9.215438440746677,0.0009074324789496952,0.0,2.0000805719148325,-2.5824054439657242e-09,2.698961229238652,3.7097799216070615,2.063870315585347
352000.2776364499,-0.00184534592228565,5.0069234985950117e-11,0.7100032714139308,0.03950640386706196,0.0,2.800135782144703,0.0003616502949014732,0.0,5.508850651800507,0.0020960357973726254,0.0,9.193518500230677,0.00040997705860398013,0.0,2.0000811837318775,-2.5573292139627335e-09,2.6998524875236503,3.7061721063752886,2.0613889947135298
354000.28778667504,-0.001845345922283222,5.13849570495593e-11,0.7100183137869372,0.03947388220670624,0.0,2.8001177480095136,0.0003157643665129157,0.0,5.508698305630796,0.0016508644709356838,0.0,9.197725371244927,0.00027597559311612476,0.0,2.0000815709042206,-2.5325600558200103e-09,2.700852848078498,3.678567051537594,2.063771980583692
356000.29793690017,-0.001845345922281383,5.2381531026648654e-11,0.7100067678715128,0.039493914558736715,0.0,2.7999460156092417,0.00022315245137131221,0.0,5.507512448736458,0.0022463824824922774,0.0,9.218122514531279,0.0009262800294381903,0.0,2.0000819682562634,-2.508100230892687e-09,2.7017732183759233,3.683666427320052,2.0630344024997105
358000.3080871253,-0.0018453459222806652,5.27704780687623e-11,0.7099996128209025,0.0394943730181397,0.0,2.7999674211110537,0.00021844563056377906,0.0,5.504255698538981,0.0011283731712937012,0.0,9.218895049189442,0.0016532289831686546,0.0,2.0000823093038447,-2.4839522198480046e-09,2.6968652496861467,3.7102265514404915,2.0645461515507493
360000.31823735044,-0.00184534592228025,5.299550332122381e-11,0.7100117207386413,0.039449837795845454,0.0,2.8000246374465236,0.0002483222852098691,0.0,5.500581646021348,0.0013048664720644242,0.0,9.20021850796925,0.0006034632674913256,0.0,2.0000824527710583,-2.460118639955325e-09,2.699035309611229,3.703781514446418,2.0649020186426483
362000.3283875756,-0.0018453459222799186,5.317505349655603e-11,0.7100110896906553,0.0394602225522804,0.0,2.7999724601211944,0.0002576070714390979,0.0,5.497438399278832,0.0003493845909055521,0.0,9.195837683512009,0.0009586816534251269,0.0,2.0000826769692686,-2.4366021310619244e-09,2.6980305487924077,3.6937734626715586,2.063232386003854
364000.3385378007,-0.0018453459222798829,5.3194442095332085e-11,0.7099995915638697,0.03947421824214039,0.0,2.80005432013408,0.0003057294168661906,0.0,5.4949267393528585,0.0009563467432859626,0.0,9.210508132809558,0.0006483488750647751,0.0,2.000082660122886,-2.4134052845397367e-09,2.6990550210530397,3.6900687295108883,2.0620663048823973
366000.34868802584,-0.0018453459222793074,5.350630476897849e-11,0.7100029514027129,0.039422311103557726,0.0,2.800092730031775,0.00033548240342270416,0.0,5.494304067718187,0.0004987964300635868,0.0,9.219484156156433,0.002129026548506579,0.0,2.0000826293450324,-2.3905305830229337e-09,2.692197738201278,3.7146668332326653,2.064009462100806
368000.358838251,-0.0018453459222791302,5.3602307709584786e-11,0.7100121450784043,0.039434169197572325,0.0,2.7999868310789857,0.00034992548387216814,0.0,5.495115865605379,0.0008193797183105535,0.0,9.211213038871357,0.0013858122921062664,0.0,2.000082534323119,-2.3679803122350944e-09,2.692546499647386,3.705184206985368,2.063689797193394
370000.3689884761,-0.0018453459222785445,5.3919693196215885e-11,0.7100051113218312,0.03945249530184388,0.0,2.8000544141590753,0.00036409163868658683,0.0,5.4974618033222695,0.0007974892325010389,0.0,9.195734898500454,0.0013929784955152339,0.0,2.000082227993896,-2.3457565180941376e-09,2.692163057881974,3.7039662810986753,2.0616950324212966
372000.37913870125,-0.0018453459222781993,5.410676379774003e-11,0.710000279422458,0.039416284859502576,0.0,2.799984113758674,0.0003469656466090579,0.0,5.500993943248963,0.00037390846154026526,0.0,9.198929821837403,0.0009750121467545149,0.0,2.000081994995256,-2.32386093031817e-09,2.694968159895551,3.6952741239693276,2.063268806772455
374000.3892889264,-0.0018453459222772018,5.464729443028466e-11,0.7100097818896337,0.03942248234972722,0.0,2.7999265600732537,0.00035934279323976404,0.0,5.504230755795462,0.0006912757509181849,0.0,9.21818686135575,0.0021724386512947226,0.0,2.0000815272360613,-2.302294899687549e-09,2.6990298598804863,3.691235403297237,2.062372680369924
376000.3994391515,-0.0018453459222778589,5.429124925276069e-11,0.7100132918712586,0.03944625716373567,0.0,2.8000360073738033,0.00029284950665519173,0.0,5.507784764449306,0.0013938509209005586,0.0,9.219381836675069,0.001782445300266072,0.0,2.000081040691594,-2.2810593389695434e-09,2.7006796734283975,3.6944939769532974,2.0617236315686593
378000.40958937665,-0.0018453459222780048,5.421216727108623e-11,0.710002935010175,0.039424988310147124,0.0,2.8000555305404227,0.0002481473955836395,0.0,5.508611657345472,0.0006338959773227594,0.0,9.199263366399736,0.0009810902653708592,0.0,2.0000805021776915,-2.2601546815835956e-09,2.699934539272839,3.7161298876972504,2.061362292018967
380000.4197396018,-0.0018453459222785233,5.393120884882227e-11,0.7100053459271646,0.039416710191160914,0.0,2.8001333403694977,0.00017407012017042257,0.0,5.508837990543182,0.0013326171846601465,0.0,9.193093113003508,0.0011006432444328664,0.0,2.00007976471982,-2.2395808580316596e-09,2.702473898137199,3.685557969232943,2.066642992197442
382000.4298898269,-0.0018453459222772493,5.4621560471909167e-11,0.7100156854944925,0.039447082103531025,0.0,2.8001242796766737,0.00016360794989495698,0.0,5.508774659137535,0.0007891731884384803,0.0,9.214166735346904,0.0016139314746976472,0.0,2.000079114255912,-2.219337270277132e-09,2.7021215635479328,3.677497975288362,2.065815885112095
384000.44004005205,-0.0018453459222754554,5.559369306387476e-11,0.7100075783564261,0.03943246033635489,0.0,2.799965284792755,0.00023013276666132814,0.0,5.507076270240629,0.0010341935953131975,0.0,9.222745900194965,0.00187170117903304,0.0,2.000078252404039,-2.1994227742133193e-09,2.704858192399356,3.694928872407101,2.063550658447748
386000.4501902772,-0.0018453459222748758,5.590778836404689e-11,0.7100010767868759,0.03941369788173827,0.0,2.7999529523984883,0.0002551352956196193,0.0,5.504715869455293,0.0006474438553442894,0.0,9.204569495252436,0.00029252186434651115,0.0,2.0000773895576027,-2.1798356519106318e-09,2.701663247685983,3.706193378412437,2.061489754041325
388000.4603405023,-0.001845345922274116,5.6319531698054804e-11,0.7100088494291419,0.03945393820200978,0.0,2.8000284310185255,0.0002949421090089163,0.0,5.500724153304935,0.000898848415267572,0.0,9.193678455089236,0.0006981967099236029,0.0,2.000076507224401,-2.1605736040619192e-09,2.7031504307248158,3.7001502125669146,2.0614905781874926
390000.47049072746,-0.001845345922273576,5.66121232795844e-11,0.710010641682899,0.039449758595668724,0.0,2.799962796066478,0.0003134121073509944,0.0,5.497889762410387,0.000761522100338248,0.0,9.205686533759053,0.00038237146033249283,0.0,2.000075452955219,-2.1416337563904994e-09,2.6990583572409523,3.684821853359586,2.0621744067953576
392000.4806409526,-0.0018453459222730663,5.688838143547841e-11,0.7100009809740745,0.03942877788617921,0.0,2.800068122506255,0.0003282773280141158,0.0,5.495238998043752,0.0014338919389259908,0.0,9.219406875800999,0.0013657447128974805,0.0,2.000074513934217,-2.123012659716635e-09,2.6944465977454333,3.7038890239722266,2.063112721143778
394000.4907911777,-0.0018453459222723236,5.7290841743405664e-11,0.7100019189881723,0.03947680048850267,0.0,2.800075010509652,0.0003353103703086223,0.0,5.494204675110324,0.0014857365675485846,0.0,9.21435721427515,0.0011614401859214077,0.0,2.000073404919335,-2.1047062987103335e-09,2.689358337330364,3.7154829633173185,2.06240718016678
396000.50094140286,-0.0018453459222719174,5.7510931716178724e-11,0.7100115723544024,0.03947960925603842,0.0,2.7999942828561997,0.00030551320247208905,0.0,5.495444346886158,0.0012001532521670327,0.0,9.198677353371425,0.00025273238853765217,0.0,2.0000723262479405,-2.0867100904042116e-09,2.6890707357864945,3.7176040610468637,2.0622094663952586
398000.511091628,-0.0018453459222718001,5.7574502818832346e-11,0.7100079086550433,0.03946179117392294,0.0,2.8000570376787945,0.0003063778601636646,0.0,5.496983326645296,0.0014132494688101282,0.0,9.197004404156084,0.0006373033893152459,0.0,2.0000712683239974,-2.0690189025000566e-09,2.691904438451303,3.7024481020066697,2.062122568423528
400000.52124185313,-0.0018453459222712938,5.784888086817837e-11,0.7099994244768484,0.03949199119096005,0.0,2.7999893664866957,0.0002573340328386842,0.0,5.5007056025257635,0.0008811207269695554,0.0,9.212734968958205,0.0009734039440943372,0.0,2.0000700780940694,-2.0516270981401628e-09,2.689958411968519,3.692530404974804,2.0623915026210358
402000.53139207826,-0.0018453459222709545,5.8032778789902794e-11,0.7100083422056421,0.03950604903828272,0.0,2.7999302615921433,0.00022681548491339967,0.0,5.50383868519985,0.0015360422018223432,0.0,9.221890354974043,0.002060878803365938,0.0,2.0000690420767695,-2.034528555887998e-09,2.697677716704713,3.70484914840624,2.0639062341222547
404000.5415423034,-0.0018453459222710837,5.796274482099049e-11,0.7100154700451892,0.0394838074025054,0.0,2.8000245538064577,0.00019756692798942918,0.0,5.506995743734043,0.0013488508706924092,0.0,9.205494255596317,0.0011014383282162824,0.0,2.000067881470774,-2.0177166986096663e-09,2.698894211338804,3.718531574302087,2.063611293884776
406000.55169252853,-0.0018453459222706964,5.817261171440891e-11,0.71000169248769,0.0394940542620634,0.0,2.800053888681683,0.00016711844689023864,0.0,5.508755942794946,0.002258625541248884,0.0,9.191259812385988,0.0013443261858692346,0.0,2.0000667859594015,-2.001184526653885e-09,2.7041891640584717,3.6962379767207474,2.064113227501991
408000.56184275367,-0.0018453459222715406,5.77151582899532e-11,0.7100033452072448,0.03952347225051271,0.0,2.8001258222327925,0.00022031646811405888,0.0,5.508666244682968,0.0013938477224029959,0.0,9.207399484246986,0.0010607078682250703,0.0,2.000065757369005,-1.984924651882624e-09,2.701656938169829,3.6798705771131326,2.0679324239023718
410000.5719929788,-0.0018453459222701086,5.849117226763249e-11,0.7100179673997101,0.039498125063771206,0.0,2.800150920811587,0.00027749844450334694,0.0,5.509299603252894,0.0022235015119589857,0.0,9.223374030485939,0.0022411475298656884,0.0,2.000064637892256,-1.968929350044851e-09,2.7038745457389632,3.69701794401607,2.063793429664068
412000.58214320394,-0.0018453459222692312,5.896660421095327e-11,0.7100076753025034,0.03950251248567998,0.0,2.7999512190628457,0.00035681178383529806,0.0,5.507382443733664,0.0016089783646307456,0.0,9.21153938589655,0.0014328025732418673,0.0,2.0000637070656646,-1.95319060469417e-09,2.704071910204337,3.7090721965383184,2.06242851577576
414000.5922934291,-0.0018453459222681939,5.952875606879969e-11,0.7099999710366356,0.03953889748201061,0.0,2.7999633278943943,0.00036201539347840826,0.0,5.504937825436902,0.0015708365346946975,0.0,9.193314674735342,0.0012123657447493357,0.0,2.0000626962075025,-1.9377001567487884e-09,2.70017735698776,3.695210735139985,2.062834023050245
416000.6024436542,-0.001845345922267673,5.981100706431539e-11,0.7100109952280302,0.03951830967924512,0.0,2.800022941280017,0.0003555458697129955,0.0,5.501359727907158,0.0011680492234494898,0.0,9.200714187764937,0.0009893075997832376,0.0,2.0000617837866073,-1.9224495546750507e-09,2.697173563391702,3.6851837077945824,2.0619470757115295
418000.61259387934,-0.0018453459222669013,6.022921326458199e-11,0.7100117452941129,0.03951966303473487,0.0,2.799962816152432,0.00036300080373513963,0.0,5.497790081984432,0.000272716757263712,0.0,9.218167360573325,0.0018717958347880751,0.0,2.000060975166635,-1.9074302016799533e-09,2.695428315864379,3.6895106024904862,2.0640312358321706
420000.6227441045,-0.0018453459222662575,6.057809053589177e-11,0.7099994858674137,0.03955486374114394,0.0,2.800057381736674,0.0003230116000920283,0.0,5.495498388063936,0.0005025604400752106,0.0,9.216606478604144,0.001494043171361273,0.0,2.000060107610275,-1.892633416682651e-09,2.696096172394059,3.7080975881440956,2.0631438432684757
422000.6328943296,-0.0018453459222662046,6.060676216074849e-11,0.710002051199934,0.03954423311940903,0.0,2.8000770823133796,0.0002979438194721094,0.0,5.49408200094372,0.0005381615048974399,0.0,9.20233968742676,0.0003305938258543168,0.0,2.0000594558505806,-1.878050492583979e-09,2.6923887543401817,3.710442745795512,2.063933610588182
424000.64304455474,-0.0018453459222660987,6.066410541046192e-11,0.7100128895349699,0.03954321607663394,0.0,2.8000017378179307,0.0002629134166007806,0.0,5.494964860515936,0.00061798438376106,0.0,9.196158289624442,0.0005564055913019628,0.0,2.000058757491527,-1.8636727294529573e-09,2.692311617287569,3.706180950351546,2.0639596407918295
426000.6531947799,-0.001845345922265276,6.110992567565199e-11,0.7100053291746102,0.039571661113700606,0.0,2.800050309171693,0.0002342756116555257,0.0,5.4969084601338905,0.00031837600571279963,0.0,9.208614642751511,0.0008786491393630992,0.0,2.0000581747418438,-1.8494914792184107e-09,2.6927732134903484,3.7026827198450225,2.0659285160935363
428000.663345005,-0.0018453459222654855,6.099641424281762e-11,0.7099996912037059,0.03958030545681247,0.0,2.800004199192497,0.00022611536612187998,0.0,5.500222963963588,0.00038372737470890485,0.0,9.221352461047534,0.0016383706214161073,0.0,2.000057719601106,-1.8354981941174413e-09,2.6960339797239405,3.703159919732972,2.0624453458786394
430000.67349523015,-0.001845345922265279,6.110828058242251e-11,0.7100103132879683,0.039567654281856074,0.0,2.799916402360768,0.00020794787570814556,0.0,5.504177842551266,0.0013752462177981113,0.0,9.2106258319592,0.0006368357113748767,0.0,2.000057225923524,-1.8216844752551757e-09,2.699381254296078,3.704766433603542,2.0674010228995017
432000.6836454553,-0.0018453459222647261,6.140792256350703e-11,0.7100143651048899,0.039594844999597235,0.0,2.8000332355826894,0.0002831081292148968,0.0,5.506796030946744,0.0010082719727798767,0.0,9.192925795875205,0.0007050557770085616,0.0,2.0000569573423457,-1.808042109383727e-09,2.698631907699737,3.704667118106962,2.063217898569768
434000.6937956804,-0.0018453459222644453,6.156009368723427e-11,0.7100017798028012,0.0396134274530936,0.0,2.800036186369191,0.0003191675610986472,0.0,5.508646975709901,0.001584330370304097,0.0,9.199894213759249,0.0003864485227585646,0.0,2.0000566577020207,-1.7945631241943364e-09,2.7051270263786655,3.6836819312967863,2.062449277044365
436000.70394590555,-0.001845345922265362,6.106339303858946e-11,0.7100052228398986,0.039590677131864864,0.0,2.8001283361164955,0.00038140344198670846,0.0,5.508789887655257,0.0012761339966695761,0.0,9.221474178076214,0.0016328635927417177,0.0,2.0000564763363737,-1.7812398325206528e-09,2.7091517934787093,3.6908990629082012,2.064091673235103
438000.7140961307,-0.0018453459222643048,6.163623800242752e-11,0.7100169172257464,0.03961921240987384,0.0,2.800147246633614,0.00040171894273457505,0.0,5.508772135584143,0.0012170608315744875,0.0,9.21825615737485,0.0017687875818602605,0.0,2.00005642930147,-1.768064856319986e-09,2.7026538780761924,3.7056275463588784,2.0625782506420953
440000.7242463558,-0.001845345922263296,6.218287898125309e-11,0.7100063219938206,0.03964353714961107,0.0,2.7999668870666348,0.00036417926888385025,0.0,5.507698053163297,0.0015224226574135293,0.0,9.196181347310588,0.0007311558813095213,0.0,2.0000563427120537,-1.755031150749909e-09,2.704119013918591,3.7011814314963014,2.063433466947083
442000.73439658096,-0.0018453459222627132,6.249873688131396e-11,0.7100005596669727,0.03962344603916308,0.0,2.799963895602545,0.00032903944400179273,0.0,5.505051175761309,0.0005529969764297505,0.0,9.196523953949086,0.0009551501731600159,0.0,2.000056472636033,-1.7421320367532138e-09,2.7019531253791174,3.686583401357445,2.0631880867262455
444000.7445468061,-0.0018453459222621837,6.278568814319961e-11,0.7100108268197354,0.039648011339529166,0.0,2.8000133647120156,0.0002768924712282151,0.0,5.501621859214682,0.0008944538797767945,0.0,9.215196349594093,0.001213318419009061,0.0,2.000056571918558,-1.729361228587489e-09,2.7033623557738746,3.686710011669122,2.0649253205712252
446000.7546970312,-0.001845345922262132,6.281365472810083e-11,0.7100100083296631,0.0396744248938142,0.0,2.799970165418825,0.00024574007744898607,0.0,5.498222826929936,0.0005025382411756017,0.0,9.219370099032377,0.0020701426777169486,0.0,2.0000567727082563,-1.7167128536966954e-09,2.697652190804462,3.7130992954581887,2.0628114428525346
448000.76484725636,-0.0018453459222619259,6.292540356104647e-11,0.7100004511904645,0.03966209597929113,0.0,2.800050685431541,0.00021868105631778285,0.0,5.495528786617082,0.0012434112955029269,0.0,9.20496755192954,0.0007700907156460979,0.0,2.000057095764924,-1.704181470200098e-09,2.6948878511613046,3.727176643318004,2.063763383894297
450000.7749974815,-0.0018453459222614495,6.318356569141615e-11,0.710003432162346,0.03966335657727877,0.0,2.8000867090909036,0.00019260099137963119,0.0,5.494697114552335,0.0007826126643065613,0.0,9.194698916925873,0.0012825318861279353,0.0,2.000057364097208,-1.6917620827835408e-09,2.688226981820341,3.709584662851366,2.066201878362884
452000.7851477066,-0.0018453459222605726,6.365876262141844e-11,0.7100113312557331,0.03968897888585161,0.0,2.7999908733597594,0.0002472681377612455,0.0,5.494773611112323,0.001441697631338132,0.0,9.205015478564288,0.0007595475416273098,0.0,2.000057825490464,-1.6794501547255946e-09,2.690163886258746,3.6944573616755365,2.0663952391839793
454000.79529793176,-0.0018453459222604396,6.373079420353798e-11,0.710006265283139,0.03967943864778406,0.0,2.800067235101066,0.0002494724555206123,0.0,5.4966918202037585,0.0004519045734768968,0.0,9.219094108606715,0.0020049826480446663,0.0,2.0000582384161048,-1.667241615961533e-09,2.687972958688603,3.7050862095943664,2.0631444825897387
456000.8054481569,-0.001845345922259981,6.397932078784925e-11,0.7100000737010972,0.039655423997891515,0.0,2.7999948248489113,0.000303883566807026,0.0,5.499902141358063,0.0011458226889722225,0.0,9.21630575771356,0.0011702429320417853,0.0,2.000058721542671,-1.6551328642304705e-09,2.6993400151219946,3.707736419175076,2.0626001532927485
458000.81559838203,-0.0018453459222598492,6.405076483667254e-11,0.7100086427763914,0.03968416855293744,0.0,2.7999280830229054,0.00033254483475259706,0.0,5.50321923822325,0.0006513969932865448,0.0,9.19760976496641,0.0007757751299647338,0.0,2.00005930429818,-1.6431207660915548e-09,2.69315628798619,3.711433328408216,2.0649140336918475
460000.82574860717,-0.0018453459222597915,6.408202160803273e-11,0.7100134356684906,0.03967802633569244,0.0,2.800021976631431,0.0003386388912965637,0.0,5.506708900689789,0.0019152862664482012,0.0,9.195125602489247,0.0006069890643368837,0.0,2.0000598028931136,-1.6312026540116433e-09,2.7163115714511674,3.6892277744653077,2.064177802032295
462000.8358988323,-0.0018453459222597462,6.410658049981574e-11,0.7100025688795191,0.03964954152346982,0.0,2.8000243590197766,0.00034430430117381676,0.0,5.508386431666336,0.0014121136255736417,0.0,9.216306024789143,0.0014829805351511877,0.0,2.000060457730269,-1.6193763151573534e-09,2.6964310264579936,3.684189193225959,2.0638461040531113
464000.84604905744,-0.0018453459222605776,6.365605996825571e-11,0.7100044857369234,0.03967939254073736,0.0,2.8001283150794083,0.00030482340372553447,0.0,5.509038117271027,0.0019616378902526472,0.0,9.221665130529692,0.0014822168534285468,0.0,2.0000610389919498,-1.607639967724919e-09,2.7008242679789394,3.7002940681793004,2.066166179245232
466000.85619928257,-0.0018453459222597555,6.410152771346804e-11,0.7100166713358245,0.03967932635407188,0.0,2.800158753341203,0.00025058657969797616,0.0,5.508949228831874,0.0017782705393096238,0.0,9.20152396553211,0.0003073335860377224,0.0,2.0000616521149346,-1.5959922547192723e-09,2.698908888459401,3.712187752385998,2.063187110128372
468000.8663495077,-0.0018453459222586204,6.471667507463568e-11,0.7100081490595024,0.03965382276278687,0.0,2.799975820280828,0.00016662817148904203,0.0,5.507758183018352,0.0017448789065664374,0.0,9.19245023710514,0.0006389321034507552,0.0,2.0000623321840063,-1.5844322387355464e-09,2.7028165684198475,3.6847109445973367,2.062841696500819
470000.87649973284,-0.0018453459222579267,6.50925788775727e-11,0.7100008656526786,0.03967269095259233,0.0,2.7999519032762423,0.00012719723324857799,0.0,5.505788916441914,0.00181823966081773,0.0,9.210250936428228,0.0005797797459731165,0.0,2.000062893005146,-1.5729593867659766e-09,2.6995377644771645,3.6869280351390508,2.0631630851869454
472000.886649958,-0.0018453459222583194,6.487977431767306e-11,0.7100096297315794,0.03967815560577007,0.0,2.8000303928398234,0.00016030673456289936,0.0,5.501727153303177,0.0006611963776159319,0.0,9.222200632049155,0.0017120264135490756,0.0,2.000063572030504,-1.5615735409941858e-09,2.6983045395815797,3.6998709328547204,2.064922459063838
474000.8968001831,-0.0018453459222571805,6.549691929204793e-11,0.7100115792194344,0.03965362169456751,0.0,2.799952700464393,0.00014759917624990968,0.0,5.498561036443371,0.0009621761287684147,0.0,9.209092745563682,0.0010460969020611077,0.0,2.0000641472546086,-1.5502748927125214e-09,2.6991849190921378,3.7125663743599286,2.0631075997563832
476000.90695040824,-0.0018453459222566076,6.580737188578335e-11,0.710000051371485,0.03965563062195646,0.0,2.800054416679398,0.000215415286098308,0.0,5.495655584484689,0.00025130633781586244,0.0,9.1957706113963,0.000642195968274181,0.0,2.000064711792839,-1.5390639602957643e-09,2.697446279525497,3.6980808885640486,2.0639746548818843
478000.9171006334,-0.0018453459222552968,6.651769964094256e-11,0.7100015570867968,0.03967716020941456,0.0,2.8000762958465457,0.00022636436230367253,0.0,5.494204134931628,0.0008581950882111764,0.0,9.201485953646698,0.0005467973307131291,0.0,2.0000653129088604,-1.5279415542459537e-09,2.6952939727742278,3.697020577271841,2.066754177292384
480000.9272508585,-0.0018453459222551563,6.65938439561358e-11,0.7100127554501295,0.039647692458804555,0.0,2.800000130814159,0.0002463427731040753,0.0,5.494842872053495,5.621339187308293e-05,0.0,9.216081363855801,0.001521942989943809,0.0,2.0000657624973734,-1.5169087427363466e-09,2.691141304111509,3.7016776784039442,2.0643817555067963
482000.93740108365,-0.0018453459222549018,6.673179677409392e-11,0.7100065001235804,0.03964308306056923,0.0,2.800064169268793,0.00026189686233743216,0.0,5.496276155519239,0.0006511621507158418,0.0,9.218401177600404,0.0019848485892805952,0.0,2.0000662935677167,-1.505966821334946e-09,2.6946539750335585,3.7114471894965546,2.0637465995414885
484000.9475513088,-0.0018453459222537946,6.733178577621847e-11,0.7099991484884736,0.03967663107478344,0.0,2.7999987926524734,0.00026776408200264234,0.0,5.5000957598417175,0.0008180722184978553,0.0,9.201791453320782,0.0009586995341948485,0.0,2.0000666956165265,-1.4951172793833275e-09,2.694480515736537,3.7086085981469603,2.062839395446562
486000.9577015339,-0.001845345922253409,6.75407126163629e-11,0.7100098656055731,0.03964590798875788,0.0,2.7999275563739783,0.0002803039222376271,0.0,5.503011965679144,0.0005392719839089197,0.0,9.193856988058831,0.0011882658078961842,0.0,2.0000670551630835,-1.4843617682442228e-09,2.697197947491629,3.6942265558322505,2.0633578007511155
488000.96785175905,-0.0018453459222534914,6.749606008584833e-11,0.7100154795395587,0.039637087326786696,0.0,2.8000142335798186,0.0002509039787934918,0.0,5.506400782364407,0.00123941217094585,0.0,9.209976796559666,0.0013774590896542163,0.0,2.000067428742338,-1.473702056081432e-09,2.704919036899565,3.686932542197272,2.0623642458115077
490000.9780019842,-0.0018453459222528073,6.78667935957784e-11,0.710000843877651,0.03967011471308588,0.0,2.800034119275313,0.00023269767058574345,0.0,5.508563270418418,0.0014299293539335135,0.0,9.223438173138149,0.0022559369833313764,0.0,2.0000676261953476,-1.4631399982239431e-09,2.7001642183668837,3.6890052470069725,2.0663526190061963
492000.9881522093,-0.0018453459222540819,6.717608945271376e-11,0.71000432141726,0.03964598654754631,0.0,2.8001081602438536,0.0001680651042201042,0.0,5.508611155682779,0.0008717383624654103,0.0,9.20868110686007,0.0010674845198331982,0.0,2.0000678822107707,-1.4526775070462847e-09,2.7029880117490475,3.705443331817864,2.065209680349719
494000.99830243445,-0.0018453459222534507,6.751815133778712e-11,0.7100184570004908,0.039626976195368764,0.0,2.800174004319252,0.00011407877494848214,0.0,5.509060464260697,0.0016399481498268866,0.0,9.190903426722304,0.0013253791262502282,0.0,2.000067997528953,-1.4423165221622134e-09,2.7048545818202694,3.694761262089675,2.065584363023935
496001.0084526596,-0.0018453459222523897,6.809311142149165e-11,0.7100058952078153,0.03965342965753698,0.0,2.7999764210101037,0.00013860537825076549,0.0,5.5077584928898675,0.0007866935635583566,0.0,9.204038509851193,0.000984569526790696,0.0,2.000068049495024,-1.4320589788007611e-09,2.7016751233074796,3.677028028446176,2.0624769241449283
498001.0186028847,-0.0018453459222510862,6.879944395023639e-11,0.7099998899750956,0.03964271028131051,0.0,2.7999689754562107,0.00015558157913738688,0.0,5.505753098903126,0.0012714295396476548,0.0,9.222132324162,0.0019946655690112783,0.0,2.00006810617732,-1.4219067646798535e-09,2.705704589748505,3.69945536336334,2.0622137694417377
500001.02875310986,-0.001845345922250898,6.890143973046438e-11,0.710012578310364,0.03960809401003578,0.0,2.800013464908976,0.00021998675431034954,0.0,5.5022481300990345,0.00025883709742605625,0.0,9.214369722041203,0.0010994941052563192,0.0,2.000067979657857,-1.4118616870812272e-09,2.6991189890632192,3.7087927151209046,2.064404815035857
502001.038903335,-0.0018453459222494994,6.965935768261935e-11,0.7100104082620116,0.03962359152913564,0.0,2.7999543844066572,0.00024495287131967174,0.0,5.498685891134791,0.0011130841421812504,0.0,9.197265800768752,0.000527374034522719,0.0,2.0000679033249202,-1.401925454165993e-09,2.702060918159002,3.7032755742196937,2.0622464241021468
504001.0490535601,-0.0018453459222490351,6.991093944007111e-11,0.7099994652811156,0.03962584131142952,0.0,2.800051260529144,0.00030400346518536864,0.0,5.49648265624789,0.0006361247011323659,0.0,9.197695704622532,0.00043332164108946837,0.0,2.000067687569545,-1.3920996530008436e-09,2.694849626829833,3.691335261861962,2.0629639097068853
506001.05920378526,-0.0018453459222485997,7.014689281184276e-11,0.7100040134526211,0.039573376206587615,0.0,2.8000765479236125,0.00033211718458548084,0.0,5.4942665804382,0.0016554519954996912,0.0,9.213795092380689,0.001068493165886617,0.0,2.0000674056628025,-1.382385722524645e-09,2.698296476543696,3.7002286988963826,2.063767008863354
508001.0693540104,-0.0018453459222482799,7.032021513423479e-11,0.7100120697653453,0.03958653186765208,0.0,2.8000082166597062,0.00033025096577021443,0.0,5.49473307885846,0.0010440403672394925,0.0,9.21875945411031,0.0013849418278400808,0.0,2.0000671361920026,-1.3727849272546305e-09,2.6877820515899575,3.7138114415418375,2.061853144724624
510001.07950423553,-0.0018453459222475168,7.073372106813144e-11,0.7100044973949687,0.03959471886693942,0.0,2.800056942116454,0.000359620970907876,0.0,5.4961588701687925,0.0012896798143457002,0.0,9.206567415704832,0.00048687855917198367,0.0,2.000066689874139,-1.3632983374656343e-09,2.6903128473553806,3.717685601457562,2.0625174107950457
512001.08965446067,-0.0018453459222468696,7.10844784459892e-11,0.7100001964929978,0.03954592655850551,0.0,2.8000096529364646,0.0003342981795286865,0.0,5.499212795606796,0.0008073447524312292,0.0,9.194397314349894,0.0007503111240074983,0.0,2.0000663001967385,-1.3539268135222574e-09,2.6918562251170037,3.705366156607243,2.0623115224840984
514001.0998046858,-0.0018453459222460588,7.15238358449206e-11,0.7100097985451411,0.0395576181253523,0.0,2.799922383941975,0.00032355031139435337,0.0,5.502825752332817,0.0011548339229656929,0.0,9.203930272709638,0.0003137380996334589,0.0,2.0000657897965364,-1.3446709898048753e-09,2.6966015938379493,3.69004586184727,2.0638669781165127
516001.10995491093,-0.0018453459222456932,7.172195207241413e-11,0.7100123436093619,0.03957123217485962,0.0,2.8000273492182592,0.00028647065893265555,0.0,5.505949762152561,0.0011910798566592087,0.0,9.22235371144423,0.0019168890062075358,0.0,2.0000652252337043,-1.3355312702601428e-09,2.69621294385528,3.6974232783062866,2.0639375471448305
518001.12010513607,-0.0018453459222450262,7.208340255626354e-11,0.710002607021171,0.03953728973581422,0.0,2.8000047273703577,0.00025762834824121867,0.0,5.508435065885734,0.0015713862462246391,0.0,9.215361010360569,0.001582158049584406,0.0,2.0000646918069553,-1.3265078177288042e-09,2.701028915473684,3.711670702242099,2.0623480286463023
520001.1302553612,-0.0018453459222461891,7.145321434271205e-11,0.7100057454951921,0.03953579179079199,0.0,2.8001089416015166,0.0002472527205479925,0.0,5.508782105225647,0.0018006267132066748,0.0,9.193859359538779,0.001029482185484805,0.0,2.0000640029195984,-1.3176005440748507e-09,2.7037521387905663,3.699086188942357,2.062601115517131
522001.14040558634,-0.0018453459222456568,7.174169319116793e-11,0.7100160655734243,0.039556432740789425,0.0,2.800181227648558,0.0002742095737883048,0.0,5.508936463546995,0.001343270285363765,0.0,9.197256995923665,0.0009993378751824795,0.0,2.0000633915953876,-1.308809100812476e-09,2.698515471529209,3.679736211759983,2.0643355082703656
524001.1505558115,-0.001845345922243684,7.281076877701381e-11,0.7100074907327756,0.0395275265942634,0.0,2.799986598768231,0.00038987176531131196,0.0,5.5084976558735494,0.001962431057846884,0.0,9.218319743488097,0.001683746850837131,0.0,2.000062687338935,-1.3001328784913112e-09,2.705814848734138,3.685227627406871,2.061986003712356
526001.1607119844,-0.0018453459222424634,7.34722137619255e-11,0.7100013746254358,0.03951117946402393,0.0,2.799963912844826,0.0004320656639105801,0.0,5.505927153402549,0.0009769778615536704,0.0,9.219371810454126,0.0021223306690350227,0.0,2.0000619511135223,-1.2915710101393519e-09,2.702540024777005,3.7095941668538357,2.061596389111975
528001.1708691532,-0.0018453459222416363,7.392038416030055e-11,0.7100094081665195,0.03954000110832651,0.0,2.800010299208763,0.00044153753045880414,0.0,5.502596713277683,0.0012202129866772692,0.0,9.199751394248567,0.0008440524179435849,0.0,2.0000612768760138,-1.2831223722397373e-09,2.701466258131077,3.7094952575354667,2.062970621452463
530001.1810263221,-0.0018453459222414073,7.404447119246731e-11,0.7100106957417005,0.039519611239176466,0.0,2.799958429321386,0.00046812554336669887,0.0,5.498982057443743,0.0003688570052051035,0.0,9.195704222826395,0.0011888812880850765,0.0,2.0000604778211777,-1.274785585660122e-09,2.6964236525618177,3.690141149962453,2.062535696216563
532001.1911834909,-0.00184534592224092,7.430850865579944e-11,0.7100005985438084,0.03949501715469161,0.0,2.8000402983445283,0.000444835427818011,0.0,5.496070324448183,0.0005501852125033125,0.0,9.211133445711631,0.0011946711598326953,0.0,2.0000597819765047,-1.2665590267055303e-09,2.6991363044814696,3.6865535616105727,2.0612470915270364
534001.2013406598,-0.00184534592224077,7.438982326399964e-11,0.710002147236574,0.039538790032490403,0.0,2.8000893481799243,0.0004358132082206325,0.0,5.494499376216429,0.00014858889428065366,0.0,9.219576195892271,0.002000683098668808,0.0,2.0000590282467154,-1.258440840000936e-09,2.6931187899741396,3.7132088397350853,2.060986192347517
536001.2114978286,-0.001845345922240221,7.468735012521768e-11,0.7100119787023379,0.03952466842254367,0.0,2.799993124027576,0.0003880735098975784,0.0,5.494474961555718,0.0007912028873312727,0.0,9.210534802572916,0.0006900925595505273,0.0,2.000058271744525,-1.250428951573051e-09,2.694014833322827,3.7089561678823815,2.0616779317370324
538001.2216549974,-0.0018453459222390887,7.53009698998151e-11,0.7100071315581103,0.03950197329057361,0.0,2.8000723030174393,0.0003736827519660764,0.0,5.496224294207717,0.0002584957967370352,0.0,9.19554500315294,0.000949911247666305,0.0,2.0000576085697155,-1.2425210788095808e-09,2.6910363733840312,3.7111831050078923,2.061500842927898
540001.2318121663,-0.0018453459222388998,7.540331820002082e-11,0.7099992087066426,0.03953964284368832,0.0,2.800007178925607,0.00034710528076023223,0.0,5.499029884685917,0.000527711758014277,0.0,9.199540060648513,0.00038982432103547185,0.0,2.0000568516669603,-1.234714750208317e-09,2.6944557572649646,3.691536522344612,2.0632725553098252
542001.2419693351,-0.0018453459222386916,7.551612459289971e-11,0.7100089447192696,0.03953558947808903,0.0,2.7999298499930103,0.00030953932708523905,0.0,5.5024012804782645,0.0006455476239110886,0.0,9.21770795770823,0.001544225237322037,0.0,2.000056225793767,-1.2270073188988786e-09,2.698416267227362,3.7003764251372884,2.064552135685244
544001.252126504,-0.0018453459222379568,7.5914354661094e-11,0.7100151820668188,0.03950911958365886,0.0,2.800013797171819,0.0003583379425145559,0.0,5.506112246105284,0.0015360480843395598,0.0,9.219491867985324,0.0012411098281125364,0.0,2.0000555759742995,-1.2193959779817e-09,2.7000453174674894,3.703434014366952,2.0613937341999127
546001.2622836728,-0.0018453459222374836,7.617075419157495e-11,0.7100009828372661,0.039528144662134876,0.0,2.8000060262367183,0.0003926983650369424,0.0,5.508059376100309,0.0009930952645682367,0.0,9.199724499362839,0.00036309779340645257,0.0,2.0000549473771363,-1.2118777835707846e-09,2.6990753476050857,3.711447447397439,2.062090905825222
548001.2724408417,-0.0018453459222383616,7.569496972827643e-11,0.7100038617514823,0.03954064977394672,0.0,2.800103549152662,0.0004675225176521603,0.0,5.50885107398268,0.0016938105215961266,0.0,9.192939389441078,0.0006334790532417243,0.0,2.000054440181411,-1.204449673401842e-09,2.704700428989599,3.6907015843461006,2.062013578001044
550001.2825980105,-0.001845345922238108,7.583245251959756e-11,0.710018541060634,0.03950612675025006,0.0,2.8001802676119056,0.0005217463531953165,0.0,5.508851671737243,0.0010612196145408268,0.0,9.21401837679244,0.0009996645065135344,0.0,2.0000538676943385,-1.1971084930109574e-09,2.7031883394242935,3.6811227890041422,2.063619864781255
552001.2927551793,-0.0018453459222365835,7.665852433411686e-11,0.7100066527784016,0.03951518952020068,0.0,2.800005086257203,0.0004911911179445081,0.0,5.508104740082012,0.0014256468741118856,0.0,9.223050147705809,0.0018046347837482111,0.0,2.000053445478156,-1.1898510152164836e-09,2.7040792752487883,3.7021996659037573,2.0619038465548236
554001.3029123482,-0.001845345922236401,7.675746494120438e-11,0.7099999965246738,0.03954040483157631,0.0,2.799958569684551,0.00047814342398773554,0.0,5.506359595614814,0.0012186805295398425,0.0,9.20466214789249,0.0007867271562886464,0.0,2.000053024388527,-1.1826739608469042e-09,2.700589606928312,3.7067961543424146,2.0614347000070623
556001.313069517,-0.0018453459222365152,7.669553893178024e-11,0.7100124976295904,0.03950549716222366,0.0,2.8000203449281225,0.00041469926806660085,0.0,5.502735765409952,0.000565336094772286,0.0,9.19304776155015,0.0009229749326340886,0.0,2.000052641981039,-1.1755740230274472e-09,2.703758433157336,3.694470619825961,2.062589904425893
558001.3232266859,-0.0018453459222358445,7.705898702883688e-11,0.7100111635318357,0.0395095783861785,0.0,2.7999439482582074,0.00038541793483747115,0.0,5.499801805660407,0.000480721966010497,0.0,9.205607435451125,0.0005077139291233063,0.0,2.0000523993878563,-1.168547885558391e-09,2.6997508000041597,3.686831919868475,2.061999441696921
560001.3333838547,-0.0018453459222350487,7.74902364682801e-11,0.7099992268497821,0.03954064911670479,0.0,2.8000488099235055,0.0003435196443472541,0.0,5.49637141352656,0.0008327471263382447,0.0,9.21994952311169,0.0019195061859740537,0.0,2.000052107032686,-1.1615922501360392e-09,2.6973949462956828,3.703582666512496,2.06159052807791
562001.3435410236,-0.001845345922234501,7.778705828954266e-11,0.7100033194411126,0.039511838113826886,0.0,2.800075049807665,0.000316674570485231,0.0,5.4945115949370695,0.0008449556798665053,0.0,9.213781529495993,0.0015959796449090636,0.0,2.0000519729141346,-1.1547038604105802e-09,2.6918833648143097,3.710169409391197,2.0611405059026127
564001.3536981924,-0.0018453459222344461,7.781678747433262e-11,0.7100128626811186,0.03951534320286214,0.0,2.800004408110144,0.0003468590888367432,0.0,5.494636237556987,0.0009212655434277447,0.0,9.19873341489948,0.0008390720875179815,0.0,2.0000518550099002,-1.1478795173781875e-09,2.6936946865161624,3.712034375785986,2.065715096428728
566001.3638553612,-0.0018453459222336427,7.825214964684953e-11,0.7100040669898213,0.03954470247866012,0.0,2.800068525517346,0.00034442325238691107,0.0,5.495593885915338,0.000976967547481676,0.0,9.197687387034232,0.0008516860463208528,0.0,2.000051778750637,-1.1411161011729989e-09,2.690150482699593,3.701107230109416,2.0621424121143854
568001.3740125301,-0.0018453459222328742,7.86685932472274e-11,0.7099998154312409,0.03953498730984857,0.0,2.8000055156182637,0.00039881980619166027,0.0,5.498847488719437,0.0006657906842468918,0.0,9.212759124779598,0.001552123288301999,0.0,2.000051845445644,-1.1344105907683808e-09,2.6895576213042216,3.700040993934226,2.0651865793360957
570001.3841696989,-0.0018453459222328003,7.870866301803126e-11,0.7100106437002903,0.03952991671905665,0.0,2.799937205916588,0.0004412841334401628,0.0,5.5019411929732005,0.0009182369723088295,0.0,9.221405311103348,0.002015035431933698,0.0,2.0000518663673024,-1.1277600821471514e-09,2.6981447757845656,3.7003754375191793,2.0637707646105654
572001.3943268678,-0.0018453459222324369,7.89056041789323e-11,0.7100129206600906,0.03955896601374562,0.0,2.8000105268128745,0.0004372566302471394,0.0,5.505574132079532,0.0012880521188830334,0.0,9.20550721511124,0.000826250105701595,0.0,2.000052039921804,-1.121161803363657e-09,2.697593880278211,3.718547478340681,2.061064500895607
574001.4044840366,-0.0018453459222323501,7.895260684263183e-11,0.7100017455896481,0.039563778207473546,0.0,2.800001789775738,0.0004591604497667953,0.0,5.5081006134422,0.0020272626062205184,0.0,9.191564354924221,0.0010929865430646982,0.0,2.0000522284254325,-1.1146131306999317e-09,2.701451855510889,3.6956696462746805,2.063011274080131
576001.4146412055,-0.0018453459222329098,7.86493221551106e-11,0.7100061484190179,0.039544868856419536,0.0,2.8000799254206825,0.0004212955230358157,0.0,5.5086672930177665,0.0014248385122036344,0.0,9.20697323436564,0.001051870058942076,0.0,2.0000524477792463,-1.1081115986314918e-09,2.6970607314755592,3.687872813955404,2.060877315596633
578001.4247983743,-0.0018453459222334682,7.834674250754485e-11,0.7100168122824463,0.03957799242847986,0.0,2.800206537024879,0.0003731354419197184,0.0,5.5094858156693896,0.002240914150754905,0.0,9.223289591344235,0.00180156840784824,0.0,2.000052801978497,-1.101654911433536e-09,2.7012253288106822,3.702346986871591,2.063497656274012
580001.4349555431,-0.0018453459222318434,7.922721990529636e-11,0.7100061169606178,0.03959020593032594,0.0,2.8000015025477207,0.0002694055237434072,0.0,5.50822409319621,0.0014588422557533281,0.0,9.211975380960729,0.0008462636727958506,0.0,2.0000530996291785,-1.0952409580731115e-09,2.6985865964111335,3.70995604964268,2.0619249637352124
582001.445112712,-0.0018453459222311764,7.958867038914576e-11,0.7100010721334088,0.039567998891406414,0.0,2.7999688890565735,0.00023246819060354922,0.0,5.5065991492469495,0.001954402358287383,0.0,9.19286107674043,0.0006891644606099759,0.0,2.0000535295660646,-1.0888678212657435e-09,2.703044596082611,3.6997429840015137,2.0632616636698806
584001.4552698808,-0.00184534592223124,7.955424093798585e-11,0.710011005663866,0.039605285643638334,0.0,2.80000957401239,0.00025050578351413225,0.0,5.503163701457839,0.0010836879071188773,0.0,9.20083352795087,0.0003845138490254976,0.0,2.000053962560919,-1.0825337866085369e-09,2.700297501276781,3.686641607580366,2.0657929458162028
586001.4654270497,-0.0018453459222300891,8.017784877861942e-11,0.7100097792352911,0.03962459834348767,0.0,2.799947103352396,0.00023727046712358586,0.0,5.4995047312597585,0.0008270085585499138,0.0,9.218746507685715,0.0012751604325859668,0.0,2.000054403937493,-1.0762373498471986e-09,2.6988416125835792,3.7014758792855487,2.06410561437026
588001.4755842185,-0.0018453459222290674,8.073154015699993e-11,0.7100003352350196,0.03960893126952594,0.0,2.800044530631682,0.0002900516976151115,0.0,5.496734786623546,0.0005817088293063772,0.0,9.216525323072998,0.0013589930575542432,0.0,2.0000549581745486,-1.0699772178062867e-09,2.697438543412423,3.712388222317894,2.0630588386162736
590001.4857413874,-0.0018453459222287096,8.092542614476049e-11,0.7100037630399667,0.03963395459213503,0.0,2.800075596904629,0.00031922953332331994,0.0,5.494439767545573,0.0009216436839997119,0.0,9.201680815297252,0.0003377240943922738,0.0,2.000055434046803,-1.0637523081770053e-09,2.6937688866650706,3.706847873988327,2.063742285611175
592001.4958985562,-0.0018453459222276321,8.150931673456795e-11,0.7100115051805321,0.03965702078636193,0.0,2.800004722560553,0.00031498855760561114,0.0,5.4946300867209805,0.000863012582013481,0.0,9.196250292715291,0.0008465770982728062,0.0,2.000056014180738,-1.0575617532290149e-09,2.690850794973823,3.701605916237781,2.063466133886531
594001.506055725,-0.0018453459222275066,8.157735309027302e-11,0.7100059716131045,0.0396436970028082,0.0,2.800063483242606,0.00033161612966624716,0.0,5.495577145739921,0.000436322800925696,0.0,9.209115993314287,0.0006193791182684888,0.0,2.0000565756233555,-1.0514048981284135e-09,2.6913498556355657,3.697951086258546,2.061454789228662
596001.5162128939,-0.0018453459222268656,8.192470277501258e-11,0.7099998262435558,0.039641624581440986,0.0,2.8000288146261614,0.00030946406017743055,0.0,5.498424833972624,0.0006381856390508928,0.0,9.220833553735426,0.002051290761710963,0.0,2.000057113594112,-1.0452812929739444e-09,2.693930345229968,3.7165390969132743,2.0642040502346357
598001.5263700627,-0.0018453459222264415,8.215454580050329e-11,0.7100088341505675,0.03966931535362612,0.0,2.799925677767549,0.0003164356832929625,0.0,5.502188485524167,0.0007340615123921083,0.0,9.210569928360865,0.0011513278614834446,0.0,2.0000577381801117,-1.039190687996714e-09,2.6970893109195697,3.711418449869328,2.062446216635741
600001.5365272316,-0.001845345922226043,8.237052304020265e-11,0.7100132981609356,0.0396572099812312,0.0,2.800015826029831,0.00025132482107913115,0.0,5.505155336964931,0.00038671907218890605,0.0,9.193504046286327,0.0012809596213017044,0.0,2.0000582584423765,-1.0331330298696851e-09,2.6986666879137866,3.705159351369782,2.064817341090179
602001.5466844004,-0.0018453459222257272,8.254161273606895e-11,0.7100017879083882,0.039640691845015216,0.0,2.799987974918348,0.00022657033871491361,0.0,5.507978664744036,0.0013505321702662143,0.0,9.199682259296749,0.0009470894263729476,0.0,2.0000588494170812,-1.0271084463954595e-09,2.702560013685352,3.678191660946133,2.0620468881349514
604001.5568415693,-0.0018453459222269484,8.187981523117952e-11,0.7100046135386598,0.03967629546945349,0.0,2.800084028217653,0.00014805695114256405,0.0,5.5086272691063565,0.0009028300305502043,0.0,9.22138057169668,0.00224188332703845,0.0,2.000059397835169,-1.0211172323713425e-09,2.703225341444144,3.6876911444987663,2.0630211052588017
606001.5669987381,-0.0018453459222271679,8.17608984920197e-11,0.710017308442639,0.039668381669200475,0.0,2.800198471647365,7.374624677872908e-05,0.0,5.508853167396624,0.001050010938156715,0.0,9.218535834729616,0.0019889991425619275,0.0,2.0000598925286774,-1.0151598424354397e-09,2.708390368691885,3.70219123092248,2.0661157604116296
608001.5771559069,-0.0018453459222257818,8.251200105793824e-11,0.7100074921434165,0.039652262744411,0.0,2.800013409202455,0.00012228325451507313,0.0,5.508480307721354,0.0012614194764312549,0.0,9.196180902755811,0.0010866466332756712,0.0,2.0000604474834414,-1.0092368790719558e-09,2.706029218254047,3.7026930893385703,2.063934028904122
610001.5873130758,-0.0018453459222248084,8.303948845130626e-11,0.710000793929293,0.03968457210096614,0.0,2.799970306472256,0.00015597926033055853,0.0,5.506628069162642,0.0006333763910580144,0.0,9.196063623714167,0.0011293413974008259,0.0,2.000060872377303,-1.0033490788320862e-09,2.7100420002380523,3.684884111409403,2.064268756896583
612001.5974702446,-0.0018453459222245554,8.317661872264965e-11,0.7100111050148116,0.03968221560764328,0.0,2.8000072001933494,0.00018484911644753952,0.0,5.503810288304713,0.0008506766136628323,0.0,9.215214630245827,0.0015576787127595422,0.0,2.000061339509521,-9.974972963506383e-10,2.7032384883047773,3.684190819724265,2.0644369876623063
614001.6076274135,-0.001845345922223212,8.390457247669617e-11,0.7100114336075883,0.03966684480299316,0.0,2.799954235033732,0.00021232649459033135,0.0,5.499958334666789,0.0005085481647956586,0.0,9.219813341437712,0.0018447714442464613,0.0,2.000061745168377,-9.916824895102044e-10,2.708071580980445,3.702823650980976,2.062277327945444
616001.6177845823,-0.0018453459222236132,8.368718515708582e-11,0.709999702645277,0.03968505940839919,0.0,2.800029087446714,0.0002146490629672672,0.0,5.496897744230356,0.0009645755110727801,0.0,9.204278665463958,0.0003362884718115458,0.0,2.000062070348775,-9.85905703079077e-10,2.6991817601196963,3.7124525762246137,2.0625798158116804
618001.6279417512,-0.0018453459222235763,8.370716128915813e-11,0.7100023957927849,0.03969666580385999,0.0,2.800080553855329,0.00025418389408570456,0.0,5.494937059263393,0.000993232062517871,0.0,9.19490198931129,0.0008803782668270303,0.0,2.0000624357405474,-9.801680508837314e-10,2.6930430654633155,3.7056340021386442,2.0645360831013444
620001.63809892,-0.0018453459222235315,8.373148516762263e-11,0.710012994843935,0.039675597260331326,0.0,2.7999982310433618,0.00022132526226258854,0.0,5.494308931890329,0.0015359155948060576,0.0,9.205719510740638,0.0006451356429272546,0.0,2.00006265481621,-9.744706994822789e-10,2.692709338887986,3.692035631376638,2.064490002463833
622001.6482560888,-0.001845345922222429,8.43288890232437e-11,0.7100049976580738,0.03968426206042706,0.0,2.8000815008753808,0.0002539410416241094,0.0,5.495457760631748,0.0006453611293128613,0.0,9.218932519387703,0.0014387170899105102,0.0,2.0000628960254927,-9.688148542244445e-10,2.6877088898724293,3.7384251744670793,2.062862463318105
624001.6584132577,-0.0018453459222220264,8.454709888946879e-11,0.709999208316188,0.03971134064621762,0.0,2.8000120940636912,0.00021801944626945088,0.0,5.4980229852330265,0.0011994509782951735,0.0,9.215856615185864,0.0010569959915431844,0.0,2.0000630641390944,-9.632017433214443e-10,2.6937651020635296,3.717804627683384,2.065488642703965
626001.6685704265,-0.0018453459222217518,8.469586232007781e-11,0.7100105220835335,0.039683709109771315,0.0,2.799934813078176,0.00021923524141753944,0.0,5.501392688380282,0.000509524275974497,0.0,9.197866054762356,0.0003978963784257267,0.0,2.0000631369186515,-9.576326011673836e-10,2.692173095086028,3.7104500701688043,2.0625348964813788
628001.6787275954,-0.0018453459222218,8.466977584172456e-11,0.7100142447420178,0.0396884784221477,0.0,2.8000133657854396,0.00017295880948346376,0.0,5.505047801468462,0.001733349794970888,0.0,9.195447130766807,0.0005384166100575744,0.0,2.0000632419741318,-9.521086508353487e-10,2.7010650699324077,3.6955059310675322,2.063407402262541
630001.6888847642,-0.00184534592222139,8.489198093436411e-11,0.7100007334116283,0.03972024190866902,0.0,2.7999840177678976,0.000152951427778192,0.0,5.507631425963506,0.0013023317868828801,0.0,9.215844487882366,0.0011198676877548343,0.0,2.0000631937916795,-9.466310883850018e-10,2.69887161693952,3.6868977663536007,2.0643382570394158
632001.699041933,-0.0018453459222213318,8.49234727190428e-11,0.71000545758589,0.03969285216779194,0.0,2.8000717980512304,0.00012011143105834724,0.0,5.50915336880973,0.0021313068199433965,0.0,9.221365362881508,0.0017444846496954543,0.0,2.0000631595408853,-9.412010666744269e-10,2.7052983415334295,3.707743340691489,2.0657647822587326
634001.7091991019,-0.0018453459222215344,8.481372149930439e-11,0.7100182765886643,0.03969098508615724,0.0,2.800199975382849,0.00013598204918465354,0.0,5.508919730412626,0.0015930320625752348,0.0,9.201911690457425,0.0008621712159641226,0.0,2.0000630549218372,-9.358196803095279e-10,2.7020038525836774,3.7101204259795173,2.062480497273738
636001.7193562707,-0.0018453459222195789,8.587339655241037e-11,0.7100052038690244,0.03972173079755669,0.0,2.8000320821354125,0.00021998741724807042,0.0,5.5085191508525835,0.001894223839353149,0.0,9.19199420265996,0.0011795902945019995,0.0,2.000062852892818,-9.304879561697288e-10,2.702997824336004,3.688142037971537,2.062792320481693
638001.7295134396,-0.0018453459222184066,8.650863755230956e-11,0.7100003777549976,0.039702950482794874,0.0,2.7999668129077633,0.00028930294893792153,0.0,5.507096831916879,0.0017584967874844518,0.0,9.21052798067555,0.0010219129509379608,0.0,2.000062685836784,-9.252068435523668e-10,2.6984273963290297,3.6809513665059272,2.0638273130671587
640001.7396706084,-0.0018453459222185359,8.643860358339725e-11,0.7100130798917647,0.03968812254955861,0.0,2.8000210788967173,0.0002978974363797441,0.0,5.503677704515791,0.0009514043192346351,0.0,9.222781646120344,0.002302365533035012,0.0,2.0000623726622253,-9.199771988596514e-10,2.7016691528739716,3.697965452748731,2.063626360871803
642001.7498277773,-0.001845345922218212,8.661415853231502e-11,0.7100097156362938,0.039709703963654475,0.0,2.799933562448031,0.0003427753804465539,0.0,5.50037804086472,0.0010823918212181974,0.0,9.208861683920281,0.001285269034451317,0.0,2.0000620793626145,-9.147997734070206e-10,2.6976525895882157,3.7021147933348146,2.0646747507388232
644001.7599849461,-0.0018453459222176178,8.693612677865681e-11,0.7099995422566636,0.03970355557906881,0.0,2.8000387646797886,0.0003155921364419408,0.0,5.496997461128725,0.00033727466447387386,0.0,9.195295495568178,0.001149618525707031,0.0,2.000061728409756,-9.096752062501448e-10,2.694064610062384,3.69692809696028,2.0640046913653918
646001.770142115,-0.0018453459222168094,8.737419160433646e-11,0.7100049935315951,0.03966316206683691,0.0,2.8000755386655793,0.0003312905435972255,0.0,5.494835409559867,0.000806910959825983,0.0,9.201774640694099,0.0007331316474680968,0.0,2.0000612894962786,-9.046040180077327e-10,2.696279425008934,3.6910032392044596,2.0634552760731415
648001.7802992838,-0.0018453459222169384,8.730427514208341e-11,0.7100118716612214,0.03968079351375227,0.0,2.8000034116094024,0.00028335196459688006,0.0,5.494465384980881,0.0003672231915330244,0.0,9.21650032555147,0.001903545870460966,0.0,2.0000609016611497,-8.995866016565306e-10,2.6903089123842454,3.7031238030398606,2.064925625235119
650001.7904564526,-0.001845345922216049,8.778628745832212e-11,0.7100040653893813,0.03967978746933128,0.0,2.8000727101981067,0.00027298726005964855,0.0,5.495143157736831,0.0008877940249730542,0.0,9.21768030407262,0.0016484911582235863,0.0,2.0000603860343955,-8.946232161468305e-10,2.695438959401052,3.7087250711585695,2.0669957493718707
652001.8006136215,-0.0018453459222158583,8.788957581180185e-11,0.7100002133611895,0.03962898754868667,0.0,2.8000212055475355,0.00023618825040562668,0.0,5.49837923761765,0.0003431013078316931,0.0,9.201571614368769,0.0007403283149884017,0.0,2.0000599047985492,-8.897139837174303e-10,2.690729462199014,3.7205196028559526,2.0669712032630545
654001.8107707903,-0.0018453459222150925,8.830460933226873e-11,0.7100097791363519,0.039646326693637136,0.0,2.799941664986615,0.00019622340344157998,0.0,5.501043022994216,0.0001913318141073199,0.0,9.19447028940314,0.0007282459416188998,0.0,2.000059389326085,-8.848588846680721e-10,2.697314028149107,3.6961239974479145,2.0630670816790446
656001.8209279592,-0.0018453459222146846,8.852563935831578e-11,0.7100115795941715,0.03965075839798174,0.0,2.8000041090434533,0.00021035126081061378,0.0,5.504731633734473,0.0009762956504366452,0.0,9.209773544205676,0.001175297097924937,0.0,2.000058806786749,-8.800577579603495e-10,2.7011405215225563,3.6939365189512565,2.062183448901125
658001.831085128,-0.0018453459222140972,8.884396489822087e-11,0.7100021892448334,0.039609866748353165,0.0,2.799989474715904,0.00023304353750283532,0.0,5.507520453905926,0.0011591825793285323,0.0,9.223379591753622,0.001692051323180097,0.0,2.000058297688947,-8.753103007092754e-10,2.6993682974383515,3.6899775018598784,2.0630686878381628
660001.8412422969,-0.001845345922214597,8.857311204865232e-11,0.7100060448966153,0.03961797652319169,0.0,2.8000504087276465,0.00029105519163187684,0.0,5.508503011080292,0.0007955468585311507,0.0,9.209074107757944,0.0005924269458115808,0.0,2.000057685800392,-8.706160699255697e-10,2.703538814202653,3.706740426722073,2.0652271797602832
662001.8513994657,-0.0018453459222160505,8.778546491170739e-11,0.7100163824794711,0.03963000504269837,0.0,2.8002137452502303,0.0003912523304037516,0.0,5.509080949039822,0.0014157455609761361,0.0,9.190857485439611,0.0007301849684343136,0.0,2.000057131356931,-8.659744856466907e-10,2.7055159874208643,3.7002109068104616,2.0629189213123125
664001.8615566345,-0.0018453459222140917,8.88469025647021e-11,0.7100071919449972,0.039593381835762824,0.0,2.8000307403753895,0.0003752014036444858,0.0,5.508404625230307,0.0006640016851663357,0.0,9.203672947605932,0.0003584050637474588,0.0,2.0000565711110387,-8.613848342637853e-10,2.703500428588469,3.6826319054143295,2.0640013428267636
666001.8717138034,-0.00184534592221249,8.971492425657322e-11,0.710001588181282,0.03958556841007392,0.0,2.799978487029782,0.0003873116969289953,0.0,5.507377066775676,0.001281326083062889,0.0,9.222123783088758,0.0014439558255498056,0.0,2.000055966956194,-8.568462747871967e-10,2.7064609584170904,3.7020747757402113,2.0642489627732483
668001.8818709722,-0.001845345922212454,8.973443036200853e-11,0.71001034975781,0.03960184045424916,0.0,2.800006826549477,0.00033706744002872096,0.0,5.504139186089764,0.00036199182064268123,0.0,9.214696894857834,0.001406931655317721,0.0,2.000055461787258,-8.523578448232128e-10,2.701097038925171,3.7150244068014846,2.0620149616158305
670001.8920281411,-0.0018453459222124737,8.972373725601689e-11,0.710010754075058,0.039571111118207075,0.0,2.7999416123573106,0.0003184156019286702,0.0,5.500552794952918,0.0005700212556985947,0.0,9.196586452946034,0.0004636376976530881,0.0,2.0000548825129285,-8.479184675778874e-10,2.7031748145669043,3.698573543884497,2.0624905595286767
672001.9021853099,-0.0018453459222118897,9.0040182689374e-11,0.7100002368493458,0.03954798226281442,0.0,2.800031996480715,0.0002557584553666499,0.0,5.497798540574649,0.00037310569885681756,0.0,9.197972647790898,0.0008821908869106513,0.0,2.000054382553749,-8.435269583057585e-10,2.699058147904202,3.696013948053266,2.0631514727321854
674001.9123424788,-0.0018453459222112357,9.039458277366848e-11,0.7100025898857915,0.039581459415699544,0.0,2.8000676324845153,0.0002227342844983822,0.0,5.494836319015907,0.0013892063869322508,0.0,9.214501019198504,0.0011486258308230806,0.0,2.0000539035142215,-8.391820328797774e-10,2.6964842474866546,3.6932138626938054,2.0635298630615333
676001.9224996476,-0.0018453459222106474,9.071337834021056e-11,0.7100123744602901,0.03955288119665658,0.0,2.8000112895156577,0.00023001004904341375,0.0,5.494489221109023,0.000675960887503364,0.0,9.218439074577114,0.0020123918970724164,0.0,2.0000534042376117,-8.348823185028747e-10,2.688512978783369,3.711247190613731,2.0643720676514343
678001.9326568164,-0.0018453459222102688,9.091854496725903e-11,0.7100059874732578,0.039528647927329394,0.0,2.8000720942647925,0.00021890479570924208,0.0,5.494937086601429,0.0013705966436910412,0.0,9.206193675830471,0.0008059589043737426,0.0,2.000053026688465,-8.30626363062597e-10,2.6926294056075424,3.711345148774389,2.063035278651242
680001.9428139853,-0.0018453459222096608,9.124803363979275e-11,0.7099990481822595,0.039565943294237356,0.0,2.800031341888481,0.0002522947230226689,0.0,5.497486223793352,0.000606001289300963,0.0,9.19478900983315,0.0012668034401314065,0.0,2.0000525981165995,-8.264126480737097e-10,2.6883759374260756,3.7180873740433595,2.062420718145617
682001.9529711541,-0.0018453459222084715,9.18925576657726e-11,0.7100096824537738,0.039543772172782585,0.0,2.799930814872715,0.0003164521437807818,0.0,5.500890870805074,0.0013569836763446094,0.0,9.204204451845964,0.0009292711407217321,0.0,2.0000522659901097,-8.222396010876686e-10,2.695903741536984,3.7010928490712147,2.062848068263503
684001.963128323,-0.001845345922208447,9.190583591826773e-11,0.7100146653909583,0.039515970227510425,0.0,2.8000207796255685,0.0003217151793369566,0.0,5.504243428190831,0.0011501428385110302,0.0,9.221821436295183,0.0023354355543947288,0.0,2.000051977087625,-8.181056063328201e-10,2.6933575523797493,3.6973280767962398,2.0636314680129515
686001.9732854918,-0.0018453459222081254,9.208009829393374e-11,0.7100004585099251,0.039540133666037126,0.0,2.79997175431612,0.00036680511308245437,0.0,5.507708710956571,0.00210651715192294,0.0,9.215075721458376,0.0013427677996601815,0.0,2.0000516831536514,-8.140090160480154e-10,2.7105900825264904,3.7082072417403817,2.0627495494116377
688001.9834426607,-0.0018453459222079885,9.215424499591975e-11,0.7100045797579503,0.03953251869910979,0.0,2.800048993377297,0.0003539073533243697,0.0,5.508586809561524,0.0020595734947236257,0.0,9.194258227438915,0.0011096008143033722,0.0,2.0000515242054684,-8.0994816151271e-10,2.6965296270581183,3.7060274945766793,2.0637274854181964
690001.9935998295,-0.0018453459222092664,9.146177825296638e-11,0.7100188735017462,0.03949303411702254,0.0,2.8002064662318507,0.0003619551635650447,0.0,5.508982063471536,0.0019399852587613676,0.0,9.19688734203405,0.0008336310374156605,0.0,2.0000513306455256,-8.059213641785717e-10,2.698985308438373,3.6830658946236365,2.0618325707691967
692002.0037569983,-0.0018453459222065737,9.29209759475184e-11,0.7100056125076637,0.039505671803218755,0.0,2.8000453985609144,0.000259446086833043,0.0,5.50883236697012,0.002288507163557399,0.0,9.218638600503166,0.0016877347670263612,0.0,2.0000512415340856,-8.019269501803657e-10,2.6989853084383744,3.68797548926337,2.062479825475841
694002.0139141672,-0.0018453459222060931,9.318137070441381e-11,0.7100000671975752,0.039512667284870184,0.0,2.799984936491081,0.0002025688501625793,0.0,5.507286839290955,0.0015911166880014456,0.0,9.219860331007844,0.001496942897899821,0.0,2.0000512062487346,-7.979632643287181e-10,2.7004119542545535,3.7065530097611443,2.0635366281136944
696002.024071336,-0.0018453459222060084,9.32273158081801e-11,0.7100137121739118,0.03946611202832983,0.0,2.800007556733548,0.00018650864646505423,0.0,5.5045483555205665,0.0020055846158462363,0.0,9.199406019710691,0.00031196511807370813,0.0,2.0000511709219886,-7.940286816079042e-10,2.7002699877634755,3.706218914888228,2.0622606185625605
698002.0342285049,-0.0018453459222057874,9.334705509395466e-11,0.7100105497815494,0.03946893837817225,0.0,2.799939722889504,0.00016275828400393955,0.0,5.500774960835545,0.0007291996113491287,0.0,9.19539473112276,0.0004898971571063206,0.0,2.000051274314741,-7.901216173433298e-10,2.694350140658356,3.6904331073899317,2.0632793573059605
700002.0443856737,-0.0018453459222050896,9.372519152341741e-11,0.7099991340184061,0.0394872183712957,0.0,2.8000195535383745,0.0001986380907261281,0.0,5.497610252892155,0.0010662157014293566,0.0,9.211560216201745,0.0007302641750865068,0.0,2.000051346944654,-7.862405389630337e-10,2.697247560602024,3.6941362113166814,2.064107154417845
702002.0545428426,-0.0018453459222050766,9.373224192297233e-11,0.7100046347406581,0.039439012325786726,0.0,2.8000861890107482,0.00023946226718706622,0.0,5.495146054228528,0.00030792142553175524,0.0,9.219826293845632,0.0014068954014955458,0.0,2.0000515184806513,-7.823839758326651e-10,2.6925250746439784,3.7122969030093427,2.0653671467398915
704002.0647000114,-0.001845345922204085,9.426959987571725e-11,0.7100127040471764,0.03944132754106724,0.0,2.799997070780629,0.00025403346933812693,0.0,5.494313920473944,0.0010026516644003009,0.0,9.20983697550922,0.0009976145867358433,0.0,2.0000517443072825,-7.78550526343782e-10,2.6945495373489736,3.728293894686087,2.0647124374128736
706002.0748571802,-0.0018453459222029863,9.486500611813109e-11,0.7100031329774595,0.03946232978598294,0.0,2.8000791345124436,0.0002954672685005198,0.0,5.495383415940721,0.0006442599969035021,0.0,9.195313074355735,0.0007671408173740953,0.0,2.000051964038351,-7.747388663881498e-10,2.690423843593608,3.703256960605105,2.063207093659517
708002.0850143491,-0.0018453459222023086,9.52322144282837e-11,0.7099999456130058,0.039429871481573966,0.0,2.8000244717348366,0.0002894491297534353,0.0,5.497299140861224,0.00035374227136604643,0.0,9.200183704839587,0.0005644844342242766,0.0,2.000052312942046,-7.709477551285244e-10,2.6927754181607053,3.692180455910591,2.0637810034184727
710002.0951715179,-0.001845345922201385,9.573267529002448e-11,0.7100107691113553,0.03942737384088415,0.0,2.799944380592052,0.00032738470401112827,0.0,5.500550087498396,0.0008634452879111236,0.0,9.217316096297907,0.0015614200082647307,0.0,2.0000526243601735,-7.671760421863348e-10,2.696770052129078,3.696343249077448,2.0644562162825055
712002.1053286868,-0.0018453459222009191,9.598519710075022e-11,0.710011527771815,0.039449184069470546,0.0,2.8000112829181143,0.00029568023043553306,0.0,5.5041275271482935,0.0008139368343833993,0.0,9.219480445951485,0.002035003334315304,0.0,2.000053020418328,-7.634226747708364e-10,2.6971757406727077,3.705868792735876,2.0614126698098256
714002.1154858556,-0.0018453459222005169,9.62031719536568e-11,0.710001741129028,0.0394346504976664,0.0,2.799969654702059,0.0002907025510873709,0.0,5.506992731847929,0.0007579467843577436,0.0,9.200140460498359,0.001147316232502001,0.0,2.000053460214218,-7.596867048300381e-10,2.7010031869652305,3.7019243455110966,2.0624204236651025
716002.1256430245,-0.0018453459222000227,9.647096963008489e-11,0.7100068704289955,0.039417065505449836,0.0,2.8000370157820313,0.00024138281349015474,0.0,5.508634195392183,0.0014456241785991118,0.0,9.192949304623456,0.0014095490536513797,0.0,2.0000538760293862,-7.559672956160038e-10,2.705630556812939,3.686283059219991,2.0644006940446213
718002.1358001933,-0.001845345922201386,9.573220526338748e-11,0.710016609508689,0.039444980840949356,0.0,2.8002012019044935,0.00016265025905791758,0.0,5.508823153639992,0.0006532991115892435,0.0,9.213723985314285,0.001720999388801045,0.0,2.000054403206851,-7.522637244656949e-10,2.702393562997948,3.6811281239047235,2.062094549855726
720002.1459573621,-0.0018453459221998306,9.657508053017937e-11,0.7100059801133031,0.03943764654311739,0.0,2.8000687256170345,0.00013828826651452928,0.0,5.50870698883768,0.0014666999912053365,0.0,9.223204509557902,0.0024811176256336076,0.0,2.0000548773664444,-7.485753830299823e-10,2.705246526710511,3.7014827895771067,2.0637770254475423
722002.156114531,-0.0018453459221983396,9.738305631917434e-11,0.710001661462796,0.03941186168377517,0.0,2.799976767338712,0.00015268777542679513,0.0,5.507642832092134,0.0008524066328777029,0.0,9.204804365805813,0.0010946164557345812,0.0,2.000055410953654,-7.449017799601946e-10,2.706156045687656,3.711237652412103,2.063498300330611
724002.1662716998,-0.0018453459221981193,9.750244308497115e-11,0.7100112464326598,0.03944730224062132,0.0,2.8000142689142344,0.00019834301267254392,0.0,5.504672070145551,0.0009249451567321595,0.0,9.192469614686587,0.0014609488377124867,0.0,2.0000559697103495,-7.412425397784848e-10,2.7028370483242603,3.691436051810508,2.06399705804856
726002.1764288687,-0.001845345922197171,9.80162997058663e-11,0.7100096494097096,0.03945039255193196,0.0,2.7999307450679627,0.00024421984165961836,0.0,5.501713025762186,0.0003368235888252415,0.0,9.205651551661912,0.0010614587252384831,0.0,2.0000564814269857,-7.375974023905338e-10,2.699973620268621,3.6858914855152984,2.061629984490539
728002.1865860375,-0.001845345922196812,9.821089073358237e-11,0.7100002929476497,0.039426420097541715,0.0,2.800032869102026,0.0002683704961098008,0.0,5.497862402914493,0.0011877732243724512,0.0,9.220607720529479,0.0021750214307219907,0.0,2.0000570803606244,-7.339662219063991e-10,2.7019780135294704,3.6966088421294456,2.0619580892862497
730002.1967432064,-0.0018453459221963373,9.846811281067807e-11,0.7100040691419439,0.039463669401625996,0.0,2.800066307572239,0.00030557412166919265,0.0,5.495319241449937,0.0010543000211181625,0.0,9.213241131233069,0.0009051051267179696,0.0,2.0000576042380755,-7.303489651942544e-10,2.693425520271255,3.7487678264188826,2.0652897125830085
732002.2069003752,-0.001845345922195863,9.872509987445526e-11,0.7100116347438354,0.039474213465021654,0.0,2.800002789404341,0.0002973385898834394,0.0,5.494389935617437,0.0015359732511272825,0.0,9.198617397838595,0.0007526870043664606,0.0,2.0000581603687237,-7.267457056513948e-10,2.690683439774682,3.7164438904998613,2.0622194012718293
734002.217057544,-0.0018453459221949992,9.919324640490262e-11,0.710005483825683,0.03945440978676335,0.0,2.800079985595667,0.0003238515774446137,0.0,5.4946363392434145,0.00148344180805475,0.0,9.198265567725839,0.0002137611432757653,0.0,2.000058721762798,-7.231566172151415e-10,2.6920646988188275,3.699056806985851,2.062923883157581
736002.2272147129,-0.0018453459221942528,9.959770432603709e-11,0.7099996771825539,0.03947065318259806,0.0,2.800030377855072,0.0002930680035076407,0.0,5.497166892136057,0.0009317759485165631,0.0,9.212944586481484,0.0010756473382118686,0.0,2.00005920970776,-7.195819699232712e-10,2.6878929142254684,3.7002483081089994,2.061364711165659
738002.2373718817,-0.0018453459221936645,9.991649989257918e-11,0.7100092070528704,0.039488941894719104,0.0,2.7999499735902424,0.0002700017985454662,0.0,5.50003514105212,0.0010649137054240363,0.0,9.220805331320538,0.00127172232759504,0.0,2.000059760622128,-7.160221244817633e-10,2.6950489439210705,3.7072263371488807,2.0638451252290455
740002.2475290506,-0.0018453459221943055,9.956915020783964e-11,0.7100131367130142,0.03946891547271783,0.0,2.8000057923879407,0.0002473110309016769,0.0,5.503936982409173,0.0010929806607171142,0.0,9.205336752820648,0.0004164528820991334,0.0,2.000060217219877,-7.124775258063654e-10,2.697755653433543,3.715639818031569,2.0631756851347234
742002.2576862194,-0.0018453459221941335,9.966233298862396e-11,0.7100010494198736,0.039464196235430224,0.0,2.799973954678109,0.00019205676028334617,0.0,5.506943349105038,0.001857447563676854,0.0,9.191973996903489,0.0006531486838995941,0.0,2.0000606804641645,-7.089486940316078e-10,2.6975208254825556,3.704504334783213,2.0645185492826923
744002.2678433883,-0.0018453459221939165,9.977995715453204e-11,0.7100049194901196,0.03949583376575503,0.0,2.800020284736693,0.00017412901310472032,0.0,5.508441946776448,0.0014693236381136314,0.0,9.206544647326963,0.0002599415891981284,0.0,2.000061130407756,-7.054362160850804e-10,2.703002619725694,3.679173646271777,2.066163099061328
746002.2780005571,-0.001845345922194498,9.946480429442667e-11,0.7100178171554954,0.03947716493071217,0.0,2.800214706348653,0.00017077139792131017,0.0,5.50933588141928,0.0021778699041688147,0.0,9.22347541341535,0.0017345939554379987,0.0,2.000061485611057,-7.019407390520255e-10,2.704412613589861,3.6965365949588933,2.065427049054094
748002.2881577259,-0.0018453459221929656,1.0029522385533817e-10,0.7100065263695647,0.039469577805547496,0.0,2.8000604686831116,0.0002580429780610166,0.0,5.508568026404635,0.0013462470475222948,0.0,9.212457565759253,0.0016118222986894176,0.0,2.000061885355887,-6.984629632200987e-10,2.698544384978998,3.71960930511023,2.0622367553652943
750002.2983148948,-0.001845345922192272,1.0067112765827519e-10,0.7100007298906423,0.03950644807086873,0.0,2.7999930593571114,0.0003137912920326426,0.0,5.507872311275519,0.00206574903591424,0.0,9.192538791822093,0.0010828821960699067,0.0,2.000062175206532,-6.95003631555293e-10,2.701470250623481,3.688418072764399,2.0623954270852582
752002.3084720636,-0.00184534592219125,1.0122493654331494e-10,0.7100127009937987,0.03949460853464208,0.0,2.8000113655911765,0.00032588881822974083,0.0,5.504953861080704,0.0012273434842666046,0.0,9.200729819231983,0.0010517644194160637,0.0,2.000062452352209,-6.91563518792246e-10,2.696812597764412,3.67838788106125,2.064732375637414
754002.3186292325,-0.001845345922190986,1.0136794214762077e-10,0.7100111089919299,0.03948746807621498,0.0,2.7999314924571324,0.0003611923424854715,0.0,5.501448431278261,0.0009322235596041317,0.0,9.21923882201665,0.0018163431222986222,0.0,2.000062706256837,-6.88143421561088e-10,2.6997320786989008,3.684030018409039,2.063568253776985
756002.3287864013,-0.0018453459221904607,1.016526607829807e-10,0.7099994450965975,0.039518219979912346,0.0,2.800019740345481,0.0003299405285997616,0.0,5.498326938368954,0.0006905040270541672,0.0,9.216552191866866,0.002139517830130263,0.0,2.000062851920715,-6.847441505515931e-10,2.695874177133908,3.704813752787476,2.064765999167246
758002.3389435702,-0.0018453459221902714,1.0175524409650493e-10,0.7100035370944925,0.03951814881973927,0.0,2.8000669190904666,0.0003086314220193333,0.0,5.495301743427894,0.0005997573113557425,0.0,9.200966356224574,0.0009371445131269598,0.0,2.0000630310700513,-6.813665200065485e-10,2.694840944322828,3.702466476442161,2.0629687515324244
760002.349100739,-0.00184534592218955,1.0214618875182579e-10,0.7100131204234035,0.039509034348661105,0.0,2.800008066813476,0.0002812271876574889,0.0,5.49480758427746,0.00046711277521403716,0.0,9.196097794239531,0.001376406279659612,0.0,2.0000630950254834,-6.780113375435349e-10,2.693635586816395,3.7026282615477406,2.062588975227972
762002.3592579078,-0.0018453459221887973,1.025540543660785e-10,0.7100035963960641,0.039531278085392224,0.0,2.800072080602862,0.00024001865336702725,0.0,5.494628610665549,0.000519635880571317,0.0,9.209796018007232,0.0014708106697023048,0.0,2.0000631386254546,-6.746793947737455e-10,2.6918772464334757,3.6903448123162037,2.0627446525390587
764002.3694150767,-0.0018453459221883068,1.0281985442929935e-10,0.7099992990590268,0.03955046477521667,0.0,2.8000448482418845,0.00021418834111956194,0.0,5.496844670762949,0.0005317815009932225,0.0,9.220318775992158,0.002222922859902186,0.0,2.00006315782475,-6.713714593876446e-10,2.6937111102922926,3.705910816118906,2.0626091450912516
766002.3795722455,-0.0018453459221873995,1.0331150229159647e-10,0.7100110535693922,0.03953304076879789,0.0,2.799938830195419,0.00015962588464301804,0.0,5.500075156193333,0.0006162064283640396,0.0,9.21065521311553,0.0006395374477655994,0.0,2.000063065563391,-6.680882686882003e-10,2.6937172076672464,3.7039740435633046,2.0648568605407025
768002.3897294144,-0.0018453459221870147,1.0352007661176315e-10,0.7100128500273536,0.03955288804192736,0.0,2.8000193265887368,0.0001942307198784963,0.0,5.503276535019582,0.00036285483517208803,0.0,9.194022950151602,0.0010443060892574236,0.0,2.0000630082652138,-6.648305218266336e-10,2.6983433104455377,3.708745172935217,2.062374419451685
770002.3998865832,-0.0018453459221867185,1.0368059070829707e-10,0.7100007190345285,0.039582230401931005,0.0,2.7999621925364235,0.0002133408099707661,0.0,5.506802602835802,0.0015182020051576906,0.0,9.199657148305016,0.0006687934844842545,0.0,2.00006284062036,-6.615988741187274e-10,2.7057192496709277,3.689646680425575,2.0621102243780522
772002.410043752,-0.001845345922186537,1.0377894378208833e-10,0.7100065048629124,0.03955970130641472,0.0,2.800017136436599,0.0002556994755091273,0.0,5.508226184472511,0.0009680592224856061,0.0,9.221059367350096,0.0017445375608923382,0.0,2.000062653810839,-6.583939304855802e-10,2.7006956585163366,3.6836573918541426,2.064218355934968
774002.4202009209,-0.001845345922187707,1.0314487784878163e-10,0.7100179564825629,0.0395781354389594,0.0,2.800196475285063,0.00034101609678314907,0.0,5.508937498494054,0.0013137579896636466,0.0,9.218682466531176,0.0010926650284200873,0.0,2.0000624519628967,-6.55216237977279e-10,2.7044445221001125,3.7003807954729036,2.0645296346125925
776002.4303580897,-0.0018453459221857715,1.0419374228923671e-10,0.7100047652949213,0.039612619207622365,0.0,2.8000808659540444,0.0003313453677369328,0.0,5.508791959311538,0.0013094505629872484,0.0,9.196319285144167,0.0002853246805708699,0.0,2.000062146973382,-6.520662796476948e-10,2.7052605987549017,3.7063578470744187,2.0630629669077405
778002.4405152586,-0.0018453459221842766,1.0500383319809817e-10,0.7100009468393442,0.039595168750907135,0.0,2.799998794254933,0.00030614887729368394,0.0,5.507851302341845,0.0010364225128211934,0.0,9.195576549798176,0.00026831738202591683,0.0,2.000061886610759,-6.489444680891139e-10,2.7032362940691903,3.6856132793826446,2.0634057505410994
780002.4506724274,-0.0018453459221840275,1.0513884834957508e-10,0.7100133393112453,0.03960762428716536,0.0,2.800004949564247,0.00025805992402865653,0.0,5.505830303764931,0.0011902963631247384,0.0,9.215160574670136,0.0006816148952101563,0.0,2.0000615297620827,-6.458511408933538e-10,2.7024459838249504,3.684809363371099,2.0631271618044393
782002.4608295963,-0.0018453459221835378,1.0540417838615894e-10,0.7100092006059658,0.03964015041143357,0.0,2.799939330753048,0.0002127186408741258,0.0,5.501790994498696,0.00026412561939538344,0.0,9.220328133008557,0.001561780847138931,0.0,2.0000611664704944,-6.427865577634018e-10,2.6999286135779985,3.707538489151153,2.0622846791520506
784002.4709867651,-0.0018453459221833264,1.0551874737892656e-10,0.7099996910279394,0.03963462012032656,0.0,2.8000130034732176,0.00017347659876991838,0.0,5.498558742394625,0.0006845920718308585,0.0,9.203709428424341,0.0007585417099930082,0.0,2.000060806463485,-6.397508975334279e-10,2.701194247126502,3.71062237381832,2.063138354606867
786002.481143934,-0.0018453459221827748,1.0581768432005559e-10,0.7100057121660461,0.03962329820012846,0.0,2.800074357222722,0.00011707598437876483,0.0,5.495651323973929,0.0009588912679888246,0.0,9.194955646602622,0.0008937596156509323,0.0,2.0000603586805297,-6.367442576270051e-10,2.694928799104641,3.6998752468805907,2.0622260969355493
788002.4913011028,-0.0018453459221823866,1.06028021240111e-10,0.7100116439710336,0.03965257087829755,0.0,2.7999951101163423,0.00014288692085958905,0.0,5.494356534028224,0.0014293049332892024,0.0,9.206383709453213,0.00038989430327817076,0.0,2.000059973256755,-6.337666533791554e-10,2.692767780541871,3.6943683499644555,2.0638327101855722
790002.5014582716,-0.0018453459221820453,1.0621297672176867e-10,0.7100038023497751,0.03965334893884043,0.0,2.8000879757182378,0.00015156243740833017,0.0,5.494653060062336,0.0007496156206954102,0.0,9.218892527009379,0.001977949980540315,0.0,2.000059513460346,-6.30818015775918e-10,2.686367624036009,3.7770032432766585,2.063846393455971
792002.5116154405,-0.0018453459221817925,1.0634998948645281e-10,0.7100003140596067,0.039620311554883825,0.0,2.800035172732552,0.00018580279787855518,0.0,5.4964356388247415,0.0012443889555589693,0.0,9.215289637234207,0.0018134219068050815,0.0,2.0000590645553937,-6.278981917605202e-10,2.6970948437361315,3.7116682419772693,2.0646005175410416
794002.5217726093,-0.0018453459221812116,1.0666478982658043e-10,0.7100097167998479,0.03965119787474595,0.0,2.7999522844161566,0.00023176647967325186,0.0,5.499633219938437,0.0003868292345146282,0.0,9.197886437712858,0.0012899484550049456,0.0,2.0000586409253556,-6.250069459030349e-10,2.69138310635103,3.7236848105758096,2.0656867811523076
796002.5319297782,-0.0018453459221809264,1.0681931108349265e-10,0.710011064553971,0.039656855924503034,0.0,2.8000125721086246,0.00022776605488255313,0.0,5.503114485064531,0.0014733733662414638,0.0,9.195935783511988,0.001187106525005374,0.0,2.000058151118466,-6.221439626034129e-10,2.697053393929202,3.6894981049130813,2.0632638649516313
798002.542086947,-0.001845345922180736,1.0692248193031312e-10,0.7100017527181675,0.03962563015716184,0.0,2.7999583714569445,0.0002569615968209997,0.0,5.506411012781969,0.001175289173618194,0.0,9.215382000932827,0.0019821082777859407,0.0,2.0000577447259653,-6.193088467501699e-10,2.6946520599672574,3.6924734747764782,2.062058168200863
800002.5522441159,-0.001845345922180373,1.0711918807789567e-10,0.7100062034040774,0.03965369742749877,0.0,2.8000107272038295,0.00023157187229967343,0.0,5.508759151523587,0.0022217521152558106,0.0,9.221290889164907,0.0020292101669994226,0.0,2.000057286908984,-6.165011284444624e-10,2.70353147676849,3.6969981615772514,2.0625157779763543
802002.5624012847,-0.001845345922181835,1.0632695818124004e-10,0.7100165075825465,0.03966722850158749,0.0,2.8001903451145767,0.00019365517554934377,0.0,5.508892254652002,0.0015494533973321647,0.0,9.202298776887556,0.0009460125168937839,0.0,2.000056859442641,-6.137202674138405e-10,2.697036561215437,3.71868277389126,2.0647903216313437
804002.5725584535,-0.001845345922180679,1.0695338618169557e-10,0.7100067489572129,0.0396411267897651,0.0,2.8000930154147627,0.0001223007137791922,0.0,5.508809324189718,0.0020198045213986977,0.0,9.191663225309556,0.0012311427062371256,0.0,2.0000564809790395,-6.109656571256458e-10,2.7015771589704984,3.693934752099226,2.063320232360331
806002.5827156224,-0.0018453459221789812,1.0787346332361393e-10,0.7100017806306638,0.03965668030393918,0.0,2.7999940227281757,3.139263951490745e-05,0.0,5.508040175402469,0.001753427240325626,0.0,9.210578294647332,0.0013933671383473823,0.0,2.0000560564362173,-6.082366318005142e-10,2.7074697051389527,3.680715373255349,2.063174589216402
808002.5928727912,-0.0018453459221787686,1.0798861984967778e-10,0.7100114959948084,0.039674428696094985,0.0,2.800025384964876,3.6718531821664706e-05,0.0,5.505492934698655,0.0013787564404784426,0.0,9.223280150265422,0.0019462518798740776,0.0,2.000055733264618,-6.05532469844194e-10,2.698769125310485,3.7021259422837134,2.063735184091003
810002.6030299601,-0.0018453459221786936,1.0802927715377788e-10,0.7100107124504176,0.0396514631714436,0.0,2.7999226945652085,6.870544336489188e-05,0.0,5.5022840737988155,0.0013978671356458408,0.0,9.208782605998655,0.0003807357368219218,0.0,2.0000553807288215,-6.028523999426118e-10,2.699778722726353,3.709174121614302,2.0634165191673928
812002.6131871289,-0.0018453459221777387,1.0854677648110974e-10,0.7100000336702819,0.039649324746509576,0.0,2.8000157933386953,9.019217041215785e-05,0.0,5.498693900429051,0.00035006635758635094,0.0,9.194728454056198,0.0005844810778314994,0.0,2.0000550746866828,-6.001956069317e-10,2.697316316604864,3.7009183732184914,2.062811113635651
814002.6233442978,-0.001845345922177634,1.0860353219752693e-10,0.7100032479761461,0.03968181095907515,0.0,2.8000621303009976,0.00012689830005823086,0.0,5.496009362818881,0.00072057412145891,0.0,9.20185957923182,0.00014553174256091465,0.0,2.0000548352410936,-5.975612382325719e-10,2.696749607929496,3.6926983887616607,2.06236109480335
816002.6335014666,-0.0018453459221769951,1.08949706815674e-10,0.7100126288885719,0.039658194518601385,0.0,2.8000032724928254,0.00010485703086289929,0.0,5.49455434848135,0.0003273007543527967,0.0,9.216983629028832,0.0010299229010234184,0.0,2.000054565282866,-5.949484118091069e-10,2.691974803115307,3.7017669331356227,2.0663242542703353
818002.6436586354,-0.001845345922176558,1.0918660024071964e-10,0.7100046300822154,0.03964899191891657,0.0,2.8000826942607455,0.0001300502630286142,0.0,5.494438762046054,0.0008241867468554247,0.0,9.217032783610192,0.0013912403774581964,0.0,2.000054409941696,-5.923562232969464e-10,2.6940414913622104,3.722102007197568,2.0621345983167365
820002.6538158043,-0.0018453459221762017,1.0937966368186547e-10,0.7099990500491198,0.039693937215617425,0.0,2.8000394801747532,0.00011509185884319757,0.0,5.49669675541388,0.00022161077412960077,0.0,9.201601975194066,0.0004132499275531114,0.0,2.000054239996668,-5.89783751674321e-10,2.690501404545653,3.71173642025566,2.066791666755562
822002.6639729731,-0.0018453459221754076,1.098099730680347e-10,0.7100104857827679,0.039671215751362385,0.0,2.7999533643933296,0.00011698110644560238,0.0,5.499155241389194,0.00019122823724934926,0.0,9.195139880817374,0.0009420633762632872,0.0,2.000054124063557,-5.872300666175713e-10,2.6965607908502687,3.7059063346390735,2.065199674569086
824002.674130142,-0.001845345922174554,1.1027259678549736e-10,0.7100137541931151,0.03965925553908707,0.0,2.8000090228220986,0.00010806183718616486,0.0,5.502863226389938,0.0010568939851516416,0.0,9.20963001481133,0.0007857575757435665,0.0,2.0000540856866293,-5.846942365103404e-10,2.698637354194949,3.6945843437160217,2.0630893544211757
826002.6842873108,-0.0018453459221735341,1.1082523060394462e-10,0.7100000957943895,0.03969784367989951,0.0,2.7999740761107708,0.00012782025330655946,0.0,5.506103020661365,0.0009477260667643253,0.0,9.223165946051756,0.0023430830893433944,0.0,2.000054024409055,-5.821753362351413e-10,2.6975180524888858,3.698567297408595,2.0621327566699055
828002.6944444797,-0.0018453459221739815,1.1058281436591428e-10,0.7100055640655365,0.03968525019653942,0.0,2.7999897095487993,0.00012396143317594215,0.0,5.5080437333409815,0.0011666251032146275,0.0,9.209288377607372,0.0015241450207005775,0.0,2.000054080142783,-5.796724542333988e-10,2.7036066917266113,3.7023016454735576,2.0621016464877377
830002.7046016485,-0.0018453459221752498,1.0989551791596785e-10,0.7100189020584299,0.039660960389105604,0.0,2.800189665312161,0.00014804016144794475,0.0,5.509059276283151,0.0015211589698579545,0.0,9.191012835319572,0.0015981744779091666,0.0,2.00005412674936,-5.77184699868417e-10,2.7045408270816735,3.695662168253987,2.0618352913775597
832002.7147588173,-0.0018453459221743108,1.104043217505153e-10,0.7100045731533788,0.03968896455362396,0.0,2.800094636093985,9.814062893745068e-05,0.0,5.5086329423004585,0.0009897613183787529,0.0,9.203197342678914,0.0012049727013481119,0.0,2.000054226317049,-5.747112099791174e-10,2.7038940496541573,3.679081785756851,2.0622580196442106
834002.7249159862,-0.0018453459221727414,1.1125483495015836e-10,0.7100003450128815,0.0396901126319564,0.0,2.8000173277837836,6.0950826824310506e-05,0.0,5.508628891787678,0.0016860139964423194,0.0,9.222011894534333,0.0023578551708892713,0.0,2.000054403599087,-5.722511552098301e-10,2.7055558407229605,3.6899881105676693,2.0628273476982315
836002.735073155,-0.001845345922171854,1.1173567219980459e-10,0.7100147200807438,0.03965263482047668,0.0,2.8000116609250423,1.4825544822355477e-05,0.0,5.505872957478745,0.0005986797672113621,0.0,9.215032860780713,0.0018662900943792703,0.0,2.0000545540225496,-5.698037464619632e-10,2.706373510771523,3.7034505013533705,2.0625367066181566
838002.7452303239,-0.0018453459221707612,1.123279057624187e-10,0.7100098292544996,0.039667938614493095,0.0,2.7999260015572265,2.998898486424701e-05,0.0,5.502506621656409,0.0009184521454564379,0.0,9.196008913941615,0.0012324413145425248,0.0,2.0000548148835815,-5.673682386504176e-10,2.7027544055470116,3.695890132762517,2.0657629328198652
840002.7553874927,-0.0018453459221704212,1.1251215620412088e-10,0.7099990939469711,0.0396810763338721,0.0,2.800011808306165,9.287577859190954e-05,0.0,5.49929085357926,0.0001752685104907419,0.0,9.198252770857907,0.0012250384319621745,0.0,2.0000550631789724,-5.649439353595295e-10,2.6979535746271393,3.686897130864622,2.062627924503194
842002.7655446616,-0.0018453459221694944,1.1301437966575039e-10,0.7100059711744384,0.03963229723241484,0.0,2.8000611261507693,0.00014428593101762277,0.0,5.495853487207483,0.0012995972784456905,0.0,9.215254000102343,0.0018574181349673101,0.0,2.0000553520534314,-5.625301937314462e-10,2.7000657353708553,3.6891817085036958,2.0639429884435905
844002.7757018304,-0.001845345922168764,1.1341014209410046e-10,0.7100124553854122,0.03964259560797131,0.0,2.8000083762330075,0.00016619207037157666,0.0,5.494719273029523,0.0006880324986767422,0.0,9.218220161742252,0.0015539307931085955,0.0,2.000055709803846,-5.601264274993705e-10,2.690155710377165,3.7024638302523383,2.063206148856837
846002.7858589992,-0.0018453459221686014,1.1349827208853708e-10,0.7100024402829771,0.03966146871634591,0.0,2.8000741487111185,0.0002268577036025183,0.0,5.494248457928609,0.0014680055158206146,0.0,9.205676764734678,0.00023627422858504062,0.0,2.0000560296862875,-5.577321122279848e-10,2.6928538157298316,3.7197604448465325,2.0642922721072408
848002.7960161681,-0.001845345922168342,1.1363881005299868e-10,0.7100001428550087,0.03961795693297875,0.0,2.800049389817274,0.00023184997471252042,0.0,5.496119450989469,0.0007278472896583133,0.0,9.19501757270644,0.0004631927050369166,0.0,2.0000564443532824,-5.553467872001588e-10,2.6879133680361007,3.709423416846596,2.065525641557706
850002.8061733369,-0.001845345922167813,1.1392552630156583e-10,0.7100108203462373,0.039626511052206395,0.0,2.799949641077151,0.0002525312336621198,0.0,5.499025557724857,0.0009228621844272007,0.0,9.204601358609565,0.0006246708082481184,0.0,2.0000568338610303,-5.529700570730806e-10,2.694710673554633,3.6990856602174853,2.062683785961265
852002.8163305058,-0.0018453459221671703,1.1427381603957938e-10,0.7100103487832169,0.03964627254071833,0.0,2.800026505415065,0.00023965645364583112,0.0,5.502344529387188,0.0005073691148061401,0.0,9.221248830744694,0.0013160437562696752,0.0,2.0000572452241547,-5.50601593957426e-10,2.695338812253503,3.6970237993627784,2.0630394622983195
854002.8264876746,-0.0018453459221672395,1.14236331415279e-10,0.7100016148673622,0.03962035722200906,0.0,2.7999511602931837,0.00023477366953496515,0.0,5.506455675586316,0.0016566122342395093,0.0,9.214771174498095,0.0009273081596120485,0.0,2.0000577105743105,-5.482411386537756e-10,2.6999106463264977,3.713382555770694,2.0615083492267767
856002.8366448435,-0.0018453459221669543,1.1439085267219122e-10,0.7100073151241878,0.03961331519181503,0.0,2.7999892656408245,0.00019167407964352465,0.0,5.507954257577945,0.0014862675874357566,0.0,9.194763765494905,0.0004115947268025956,0.0,2.0000581192497457,-5.45888499979976e-10,2.6994532672916236,3.7064679755352627,2.0627476690999837
858002.8468020123,-0.0018453459221671493,1.1428521418552652e-10,0.7100163658465863,0.039638360405098744,0.0,2.8001789864119497,0.00010287635717265191,0.0,5.509025733378427,0.0016845556459926503,0.0,9.19658536728142,0.0006434268213924775,0.0,2.000058601732414,-5.435435534577118e-10,2.7023908155677856,3.6816984254308482,2.061588002588925
860002.8569591811,-0.001845345922166146,1.1482891749787087e-10,0.7100058527894266,0.03961800950934393,0.0,2.800106776587916,0.00013737658409536057,0.0,5.508784870457366,0.0016854857093663116,0.0,9.218796969361081,0.0012214836867720383,0.0,2.0000590435654964,-5.412062403720754e-10,2.7010472572613518,3.684485306660638,2.062594152138579
862002.86711635,-0.0018453459221648794,1.155152738945433e-10,0.7100021998165917,0.03959599019033315,0.0,2.80001839915545,0.00020810277973690302,0.0,5.508200628836128,0.0013252360053770205,0.0,9.220302800733617,0.0020733699939722286,0.0,2.000059484408327,-5.388765684223408e-10,2.7012424742599226,3.707625198471773,2.0657800168351748
864002.8772735188,-0.0018453459221636857,1.1616214805370813e-10,0.7100116672494792,0.039627326974782266,0.0,2.800013110938244,0.0002482940969586982,0.0,5.50627580500649,0.0017730497970332828,0.0,9.199209444817553,0.0009712570302032729,0.0,2.00005996040892,-5.365546098100459e-10,2.7009149790446285,3.708997025214346,2.0652964847068365
866002.8874306877,-0.0018453459221625924,1.1675461662964074e-10,0.7100096720362151,0.03961498751346186,0.0,2.799931404098758,0.0003059306540330096,0.0,5.502673381828828,0.0005271969363187758,0.0,9.19494558424131,0.0013005312072934794,0.0,2.000060359873403,-5.342404983806567e-10,2.7011191044097886,3.6938504483374186,2.0631727775326865
868002.8975878565,-0.0018453459221626069,1.1674674368347108e-10,0.7100003043871449,0.03958737366665059,0.0,2.8000003616267075,0.00030583912491206124,0.0,5.499530273227519,0.0008929918915365695,0.0,9.211793975319377,0.001055375136566547,0.0,2.000060812205004,-5.319344246025363e-10,2.700465260076981,3.68172766594851,2.0620404314776994
870002.9077450254,-0.0018453459221618102,1.1717846314955128e-10,0.7100042982714271,0.03962751880487219,0.0,2.800071881281357,0.0003167996110865067,0.0,5.496257212399124,0.0001648343411009961,0.0,9.220210698025186,0.0024724006524430918,0.0,2.000061206586811,-5.296366324484362e-10,2.695242246124432,3.7120206853720927,2.0645438376389573
872002.9179021942,-0.001845345922161335,1.1743603774662474e-10,0.7100117343228504,0.03962275328781518,0.0,2.7999917830415852,0.00028679968520136333,0.0,5.494655612197855,0.0009403348319420123,0.0,9.209125013234598,0.0013195170059207475,0.0,2.00006157775687,-5.273474164553281e-10,2.6960768205997936,3.703884099936982,2.0619399192264405
874002.928059363,-0.0018453459221602468,1.1802568616273539e-10,0.7100048556647534,0.03959640974257873,0.0,2.800087913562501,0.0002781079505147025,0.0,5.494772627698436,0.00021471848799713538,0.0,9.195287934653976,0.0015749327741530737,0.0,2.0000619688893626,-5.250671156958875e-10,2.6908344036411047,3.711350037927715,2.061117467216796
876002.9382165319,-0.0018453459221596075,1.1837209579420095e-10,0.709999601426451,0.039625518172105294,0.0,2.800046109868035,0.00024063907866660753,0.0,5.495823463742539,0.0008044818269783387,0.0,9.200900701696986,0.0009570875002590644,0.0,2.0000622661601466,-5.227961083785706e-10,2.700786318196398,3.6977213535284865,2.064414157013205
878002.9483737007,-0.001845345922159368,1.185019406526709e-10,0.7100096901218383,0.03962773123920158,0.0,2.7999587494781424,0.00017142268128996573,0.0,5.498752403709439,0.00034954417975493015,0.0,9.217053748848478,0.0021406300185920104,0.0,2.000062598025348,-5.205348075886446e-10,2.6935490501228148,3.7056044386934817,2.061355738581753
880002.9585308696,-0.001845345922158844,1.1878583674141608e-10,0.7100129017188163,0.0395993517643753,0.0,2.800016256510216,0.0001679490874296003,0.0,5.502041802886023,0.0006165242807202917,0.0,9.219227431429463,0.0014389930721306415,0.0,2.0000628602640234,-5.182836553414871e-10,2.699614056824438,3.697252271935995,2.0622328206168365
882002.9686880384,-0.0018453459221584104,1.1902085005991376e-10,0.7100004757513787,0.03960443695606465,0.0,2.799959830750054,0.00015500595570939205,0.0,5.505555740422996,0.0006156352088295501,0.0,9.20047989423105,0.0007590763447004068,0.0,2.0000630839068405,-5.160431166224812e-10,2.701602452981485,3.715601986785035,2.0625163283475114
884002.9788452073,-0.0018453459221584448,1.190021665010932e-10,0.7100053350179395,0.03962038104697209,0.0,2.799984352863464,0.0001945602238568288,0.0,5.507973139245804,0.0014992251563179715,0.0,9.193075883870035,0.0007035995417820473,0.0,2.0000633170566444,-5.138136740436028e-10,2.7043877844267654,3.6922181704757806,2.065504818963265
886002.9890023761,-0.001845345922159224,1.1857996507441213e-10,0.7100181015109527,0.039587159613723624,0.0,2.800160841076984,0.0002833317054641966,0.0,5.508820009823747,0.0007430810796267061,0.0,9.213365541801542,0.001360495354065204,0.0,2.000063445194234,-5.115958235535178e-10,2.70089061411243,3.6825572241731885,2.0618637318343507
888002.9991595449,-0.0018453459221595436,1.1840676025867936e-10,0.7100054379856634,0.03958154273873067,0.0,2.80012338563508,0.00031115321411905126,0.0,5.509006581448859,0.0014415321819027376,0.0,9.223066215788673,0.0013454370437113482,0.0,2.0000635983791506,-5.093900691891202e-10,2.7065964216622076,3.7014754836735855,2.0647506782184673
890003.0093167138,-0.001845345922157942,1.1927466444389122e-10,0.710000786405638,0.03960829917817088,0.0,2.800020401082943,0.0003249160069819446,0.0,5.508452644605889,0.0009848330678682796,0.0,9.205155485525601,0.00029397293618859565,0.0,2.000063677320542,-5.071969171180469e-10,2.701644070102728,3.7142931381260085,2.0640044305758902
892003.0194738826,-0.0018453459221571846,1.196851152046474e-10,0.7100142213098712,0.03957694134291132,0.0,2.800026598297754,0.00028450525152445713,0.0,5.5064156280058825,0.0010113065564909774,0.0,9.191873037480589,0.0003950537280249518,0.0,2.0000637085081845,-5.050168710107061e-10,2.7052526173143288,3.6929144127567746,2.0637770136433065
894003.0296310515,-0.0018453459221562446,1.2019450657249109e-10,0.7100105800748031,0.039569007180801655,0.0,2.799917914284037,0.00025198138075659853,0.0,5.5034496598828175,0.0006493523632228508,0.0,9.206014978458482,5.434378088320074e-05,0.0,2.000063747164665,-5.028504252960331e-10,2.702537323570861,3.6846542625357777,2.0618125095843185
896003.0397882203,-0.0018453459221558616,1.2040202333272454e-10,0.7099993030501346,0.039595576626366216,0.0,2.8000088542538615,0.00020128322580008516,0.0,5.499618660305973,0.0005777836818355031,0.0,9.221176485853999,0.001371892741858729,0.0,2.0000636792571522,-5.006980584909875e-10,2.731069729276101,3.7001633349421255,2.064264366649461
898003.0499453892,-0.001845345922155716,1.2048098780773976e-10,0.7100049718901615,0.039572576004471116,0.0,2.8000557411403166,0.00014316133069285688,0.0,5.496525722141626,0.00033150663857178304,0.0,9.21291560285698,0.0015370430069779391,0.0,2.0000636343860765,-4.985602288961259e-10,2.69652699973086,3.709753438030181,2.0639778382092957
900003.060102558,-0.00184534592215545,1.206250509719788e-10,0.710013002442544,0.03956258001831402,0.0,2.8000010735459013,0.0001426761786524214,0.0,5.494676667526201,0.0012440032373129233,0.0,9.198232319658487,0.0006178296521330589,0.0,2.0000635187534126,-4.964373702628871e-10,2.6943464888065383,3.705958636544156,2.062949487316406
902003.0702597268,-0.0018453459221549067,1.209195226600564e-10,0.7100023508679953,0.03958362516786092,0.0,2.8000818518098667,0.00012943397306019278,0.0,5.494186080300006,0.0009976875975119843,0.0,9.198764808478952,0.001027010504735475,0.0,2.0000633575084703,-4.943298859199104e-10,2.688222679125736,3.7034054918465453,2.061881561878579
904003.0804168957,-0.0018453459221542878,1.2125488666555256e-10,0.7099995843993486,0.039578415140574794,0.0,2.80004455716106,0.0001726331020938198,0.0,5.495802368813562,0.0009094433973054368,0.0,9.213227330523509,0.001415076553464212,0.0,2.0000632108493375,-4.922381449622883e-10,2.68871031975748,3.698967088278988,2.0634852405099955
906003.0905740645,-0.001845345922153553,1.2165311673374687e-10,0.7100114806226503,0.039560436367632734,0.0,2.7999667215118964,0.00022777642766962992,0.0,5.498285398958309,0.0007018149551089707,0.0,9.22020166943997,0.0024075215579234823,0.0,2.0000629637345475,-4.901624794304482e-10,2.691277986997349,3.729199785211482,2.0615575127138706
908003.1007312334,-0.0018453459221536412,1.2160529152343259e-10,0.710011258505451,0.03957823937325954,0.0,2.8000169874954155,0.00023313126300494866,0.0,5.5021834155013565,0.001187521910510659,0.0,9.204953150143364,0.001244122242477943,0.0,2.000062747338705,-4.881031801923775e-10,2.694693689126215,3.7031229729384805,2.062641092054495
910003.1108884022,-0.0018453459221525936,1.221729661942637e-10,0.7100007461239936,0.03958723420742901,0.0,2.7999620129982543,0.00026858444023283336,0.0,5.505365659648778,0.001575171872242691,0.0,9.192493080764962,0.0015691362821498465,0.0,2.000062473279849,-4.860604943384001e-10,2.7005912728280856,3.6945754516528897,2.061470007547222
912003.121045571,-0.0018453459221530217,1.219410080489065e-10,0.710007459571119,0.0395586722461863,0.0,2.799963575471263,0.00026953399358470184,0.0,5.507743300472328,0.0017050950963604838,0.0,9.206187435287736,0.001397482877497508,0.0,2.000062162761129,-4.840346232349295e-10,2.6986954626647135,3.692426469106409,2.0632707234977525
914003.1312027399,-0.0018453459221540792,1.2136792807174994e-10,0.7100174368805711,0.03957724150484954,0.0,2.800169414743578,0.00023437551979246416,0.0,5.509099544043801,0.0022159566735814283,0.0,9.223697230374556,0.0024826982162586297,0.0,2.00006188050339,-4.820257192577142e-10,2.700252633200961,3.688423357667728,2.0623041005043725
916003.1413599087,-0.0018453459221538936,1.2146851377206695e-10,0.7100044343023129,0.0395941259268886,0.0,2.8001166363070618,0.00016588027894294,0.0,5.508627718532988,0.001438082799342729,0.0,9.212867994381984,0.0012761243475447786,0.0,2.000061512870574,-4.800338836159973e-10,2.7029810949042954,3.7091967986280183,2.0627493593333126
918003.1515170776,-0.0018453459221517492,1.2263053712537865e-10,0.7100016683029239,0.03956400550824598,0.0,2.800037694924824,8.103223614374373e-05,0.0,5.508656845825509,0.0023060433352864182,0.0,9.19235503727938,0.0013171477347804572,0.0,2.0000611902778123,-4.780591649111822e-10,2.70184327350234,3.7030852844332087,2.062867414908202
920003.1616742464,-0.0018453459221514574,1.227887010887276e-10,0.7100135365376443,0.039583838741791444,0.0,2.800020370329764,8.016842036966216e-05,0.0,5.506537825741676,0.001359323155348937,0.0,9.200469860716593,0.0009569650354879858,0.0,2.000060827669464,-4.761015595536671e-10,2.70711651568205,3.6829664846009034,2.062423816483217
922003.1718314153,-0.0018453459221508478,1.2311901230787606e-10,0.710008849573603,0.039604352323843676,0.0,2.7999235293247176,0.00010183307369894228,0.0,5.503427950243738,0.0015176720784990459,0.0,9.21957132609652,0.001769578277719099,0.0,2.0000604440976764,-4.741610112670479e-10,2.7022353995684125,3.6926440873107476,2.062944972580958
924003.1819885841,-0.0018453459221505165,1.2329856248320827e-10,0.7099998316508668,0.03958470503858062,0.0,2.8000033254102905,0.00014081209898758498,0.0,5.500123271833778,0.0008220657061495414,0.0,9.216715862879619,0.0009687921413765782,0.0,2.0000601082769762,-4.722374108355527e-10,2.705772231786268,3.7113540056513865,2.0620771343427875
926003.192145753,-0.0018453459221501485,1.2349797128395354e-10,0.7100061678834506,0.039588233537971806,0.0,2.800055239176269,0.00018178550549603043,0.0,5.496600275916151,0.00084653508764153,0.0,9.200240821258179,0.00031491957611621424,0.0,2.000059705221546,-4.703305980256389e-10,2.6981759724458345,3.709151071560125,2.063394823041054
928003.2023029218,-0.0018453459221493477,1.2393192337655948e-10,0.7100114687939104,0.03960943884671823,0.0,2.7999993988112455,0.00018196344204729953,0.0,5.49540792219463,0.0005218817959813253,0.0,9.19598718454355,0.00024420094282193367,0.0,2.0000593635177206,-4.684403623211784e-10,2.6970247147411825,3.7002682714273676,2.0630492891432564
930003.2124600906,-0.00184534592214828,1.2451052616670075e-10,0.7100035367890735,0.039595607311449024,0.0,2.8000755096815886,0.00020086364552882478,0.0,5.494169484092113,0.0008728332398065857,0.0,9.210481982712501,0.000526692690140032,0.0,2.0000590028793317,-4.665664460976123e-10,2.6938330889664552,3.696697569879455,2.0614627848803617
932003.2226172595,-0.0018453459221473496,1.2501474724153749e-10,0.7100003901842526,0.03957231330186789,0.0,2.800066498323051,0.0001856904254608425,0.0,5.4955867433546075,0.0007474969047241582,0.0,9.219912670505007,0.001412051095957161,0.0,2.0000586381415895,-4.6470854656401524e-10,2.689935436180604,3.711739317920515,2.066932907941381
934003.2327744283,-0.0018453459221469681,1.252214414551562e-10,0.710009824028677,0.03959620343617236,0.0,2.7999563458019465,0.00015589605846895438,0.0,5.498128056105668,0.000196535176145655,0.0,9.210560052357144,0.0012132288998291127,0.0,2.000058339064856,-4.6286631764600364e-10,2.6925724564947036,3.7170656418247305,2.0625979971351827
936003.2429315972,-0.001845345922146703,1.2536515209941752e-10,0.7100108145554417,0.03958613822034695,0.0,2.800025260875867,0.000125948235661499,0.0,5.501297523256476,0.00033364366504870036,0.0,9.194534285848391,0.0010652143453221755,0.0,2.0000579909001526,-4.6103937311882275e-10,2.697962510429496,3.7059360553952883,2.0624283577542326
938003.253088766,-0.0018453459221463157,1.255750189928359e-10,0.7100012058085741,0.03955402364648497,0.0,2.7999535967498366,7.645358431621838e-05,0.0,5.505234303506451,0.0011395400673313448,0.0,9.19973258788993,0.0008883396920073997,0.0,2.000057720097159,-4.5922728925256916e-10,2.7007120169833847,3.6830730894512413,2.063678057036742
940003.2632459349,-0.0018453459221459702,1.257622071010193e-10,0.7100062745598769,0.039581823847293716,0.0,2.7999719375961742,3.861680689299761e-05,0.0,5.507396841816335,0.0006186425704955312,0.0,9.220638471823847,0.0020595729162173563,0.0,2.000057448498815,-4.5742960930648207e-10,2.701567935684577,3.693435297553962,2.062959377323621
942003.2734031037,-0.0018453459221466069,1.2541720754946474e-10,0.7100165835837056,0.039579640208252026,0.0,2.80014631008946,6.249516105893e-05,0.0,5.509022450105914,0.0012848834858010555,0.0,9.218619613165119,0.0022662961444703637,0.0,2.0000571858880023,-4.556458487430043e-10,2.7071364403862295,3.701914519562748,2.0618974721931522
944003.2835602725,-0.001845345922146942,1.252356597609253e-10,0.7100061042831157,0.03955118357276573,0.0,2.800123575418625,0.00010795410304357974,0.0,5.5087877603322575,0.0009978681860086957,0.0,9.196573866720776,0.0013603413101128587,0.0,2.0000570042309342,-4.538754983902534e-10,2.7048929635300265,3.6994618844429716,2.0641218170946534
946003.2937174414,-0.0018453459221447553,1.2642059691279052e-10,0.7100018685727839,0.03957420003759924,0.0,2.8000445564200995,0.00013978202163785855,0.0,5.508572487230775,0.0010794540426113067,0.0,9.195095231342913,0.0015326240777581441,0.0,2.0000567878905233,-4.5211802811705486e-10,2.703535309659333,3.6859861866986905,2.0631335683011325
948003.3038746102,-0.001845345922144202,1.2672047390719355e-10,0.7100128469881947,0.039577806576864764,0.0,2.800022975876461,0.0001377724876991983,0.0,5.507365450211547,0.001186374736098085,0.0,9.215365448982533,0.0019083881433375124,0.0,2.0000566581291674,-4.503728909103858e-10,2.7038168930722146,3.6843603006635184,2.062387493421447
950003.3140317791,-0.0018453459221433298,1.2719308569069237e-10,0.7100106201973602,0.03955309364585576,0.0,2.799932192113686,0.00014447129407426767,0.0,5.503646345906234,0.0001976272947510013,0.0,9.220906923909316,0.0025214165993130105,0.0,2.0000565402915234,-4.486395273459391e-10,2.7059999180736116,3.712585699502325,2.0617086079105182
952003.3241889479,-0.0018453459221432949,1.2721200426283143e-10,0.7099999464200126,0.03956035735354759,0.0,2.799988471622912,0.00010489618901308103,0.0,5.500461022360862,0.0004421418159455108,0.0,9.203201481416016,0.0010176791918270582,0.0,2.000056439730993,-4.469173712218565e-10,2.703424820896905,3.7015445818044346,2.0619627204620397
954003.3343461168,-0.001845345922143203,1.2726182708635294e-10,0.7100041202961459,0.03957760228670737,0.0,2.8000587409302353,6.91817494115331e-05,0.0,5.496850481229034,0.0009298155222668115,0.0,9.194823948365832,0.0014702106912760032,0.0,2.0000564278521575,-4.4520585392426826e-10,2.6997941432125194,3.6986379320127463,2.066257092956527
956003.3445032856,-0.0018453459221434575,1.271238742683948e-10,0.7100127185390253,0.03955179675196524,0.0,2.799991014714166,4.4023672802458225e-05,0.0,5.49489668289207,0.0011819391650953418,0.0,9.206946734919647,0.0011986360104584283,0.0,2.0000563876864623,-4.435044084626879e-10,2.694382422053852,3.693675190500188,2.0647681724753766
958003.3546604544,-0.0018453459221426894,1.2754008285545415e-10,0.7100032918391088,0.03954877813734916,0.0,2.800091897233252,5.4130969269103474e-05,0.0,5.494300526775722,0.000871993256977165,0.0,9.21903330707064,0.0019307255226026425,0.0,2.0000564366869416,-4.418124739405364e-10,2.6887565190903455,3.7087693903210104,2.0625496407975152
960003.3648176233,-0.0018453459221421064,1.2785605826217427e-10,0.7099992156793941,0.03958404625846657,0.0,2.800048704598175,5.378729138112657e-05,0.0,5.495231545213586,0.001243505194341731,0.0,9.214573939973794,0.0005584157073907763,0.0,2.0000565030899127,-4.4012949985830453e-10,2.6895073881744715,3.7107842181112805,2.0654656520523975
962003.3749747921,-0.0018453459221420077,1.279095237921325e-10,0.7100111651849457,0.039555432294401,0.0,2.799966506620226,0.00010387085379584454,0.0,5.498124596113678,0.0004381670421464173,0.0,9.197728887999116,0.000566164172104969,0.0,2.0000565853951233,-4.3845495021977863e-10,2.6907038940824783,3.71639153715043,2.0648737737561174
964003.385131961,-0.0018453459221411356,1.283821355756313e-10,0.7100125340909702,0.039551283346383706,0.0,2.800025961441736,0.00010146421690569381,0.0,5.5010993039275435,0.0012661186839058646,0.0,9.196496675990577,0.0001300804275128615,0.0,2.0000567558142217,-4.367883074706663e-10,2.696743188906572,3.6941447337461835,2.062982825435998
966003.3952891298,-0.0018453459221401307,1.289266614345904e-10,0.7099999889538072,0.039588786257537326,0.0,2.7999565340976535,0.00014464114677123087,0.0,5.50482634496467,0.0011388229156222105,0.0,9.21498218429998,0.0009168833573629675,0.0,2.000056897298152,-4.3512907755442404e-10,2.696715907217957,3.6920827750768863,2.0623924544791783
968003.4054462987,-0.0018453459221399408,1.2902959726809238e-10,0.7100066328096695,0.03956678284494732,0.0,2.7999625649277156,0.0001437364832209967,0.0,5.507645094487403,0.002177130619530492,0.0,9.2214078966834,0.0012361500603988327,0.0,2.0000571212997076,-4.334767937611431e-10,2.699160181229006,3.70077755556351,2.06292558919328
970003.4156034675,-0.0018453459221404404,1.2875886192518307e-10,0.7100185375225136,0.03955426032324862,0.0,2.800132437845467,0.0001205555666866307,0.0,5.508750906522722,0.0015448551054303916,0.0,9.202756844388121,0.0006666366659084759,0.0,2.0000573587210875,-4.318310191347524e-10,2.7003239952573974,3.710730596105992,2.06460008484411
972003.4257606363,-0.001845345922141421,1.2822749681205984e-10,0.710003728530459,0.03958829403778377,0.0,2.8001358489879613,9.62728819262771e-05,0.0,5.5088664389954305,0.002175278782478287,0.0,9.1914366973584,0.0008722356132000155,0.0,2.000057603240709,-4.3019134878526103e-10,2.7010467319993072,3.6851556244730985,2.0636949747041236
974003.4359178052,-0.0018453459221399217,1.2903993785410626e-10,0.710000927883678,0.03957769281453024,0.0,2.8000486326234126,3.6783578673952286e-05,0.0,5.508573793790084,0.0016646872904127318,0.0,9.210422961009026,0.0005480082871010789,0.0,2.0000579280605812,-4.285574122901161e-10,2.7010467319993072,3.676802198096922,2.06223044940014
976003.446074974,-0.0018453459221394423,1.2929974507770543e-10,0.7100153916915616,0.0395532682544345,0.0,2.8000415585286986,2.8369102365336526e-05,0.0,5.507073851906444,0.001846595600200245,0.0,9.223629684893966,0.002021709335203413,0.0,2.0000582143380305,-4.2692887659901e-10,2.7019108579988025,3.697147561136841,2.0640239933224085
978003.4562321429,-0.001845345922138608,1.297517931958357e-10,0.7100090313451397,0.039576552152873395,0.0,2.79991384746291,9.77629313273075e-05,0.0,5.50413871218669,0.001575739511017915,0.0,9.208863887611873,0.0015762779457989577,0.0,2.0000585692817867,-4.2530544815575766e-10,2.6975524477468484,3.708763145036192,2.063692816237547
980003.4663893117,-0.001845345922138383,1.2987376510813599e-10,0.7099992181042519,0.03958067176803436,0.0,2.7999982833212744,8.90765764747249e-05,0.0,5.500595619032302,0.0008336205270898805,0.0,9.194105252836254,0.001235598925831788,0.0,2.0000589286130803,-4.2368687432016765e-10,2.6960004822623986,3.6874448507179345,2.063474153079213
982003.4765464806,-0.001845345922137832,1.3017234952928726e-10,0.710007194782019,0.03953795371203082,0.0,2.8000519105037127,0.00013355810943578906,0.0,5.497606072076576,0.000920417594978822,0.0,9.201772799782436,0.0011521674621311779,0.0,2.0000592793532825,-4.220729454220877e-10,2.6968234100649746,3.6954412551237312,2.067133772861441
984003.4867036494,-0.0018453459221371325,1.3055142601202401e-10,0.7100120314081652,0.0395553763882192,0.0,2.7999945156488537,0.00011446194692716078,0.0,5.495122773853375,0.0005662411397351525,0.0,9.217595657040658,0.002124553673414125,0.0,2.0000596955630763,-4.2046349545944503e-10,2.692634200828432,3.6973155712582986,2.06307395611498
986003.4968608182,-0.0018453459221367892,1.307374390536149e-10,0.7100019304040043,0.039568343801592284,0.0,2.8000803581171074,0.00014019399488607206,0.0,5.494232858490433,0.0010505218526956684,0.0,9.216437042582744,0.0021306215138490792,0.0,2.0000600592706754,-4.1885840237864077e-10,2.6941153095307904,3.7117286456568217,2.0621434888589194
988003.5070179871,-0.001845345922136734,1.3076740325172338e-10,0.7100005306638578,0.03952001644158915,0.0,2.800057200770483,0.00012838588458383092,0.0,5.495320396008509,0.0003531524158257942,0.0,9.201623996514748,0.0010666178847210522,0.0,2.000060473666509,-4.172575875296616e-10,2.689980367563626,3.7111228228415643,2.0625563056961322
990003.5171751559,-0.0018453459221360728,1.3112568105577306e-10,0.7100108575600113,0.03953850944112527,0.0,2.7999731469751405,0.00010276569683156563,0.0,5.497436660295674,0.0007919119323664021,0.0,9.195745166882988,0.0011993274117133754,0.0,2.000060877941002,-4.1566101601232014e-10,2.69402417993091,3.704773079522729,2.063949244923142
992003.5273323248,-0.0018453459221358444,1.3124941556796208e-10,0.7100093780014526,0.03955539984646372,0.0,2.800019034061967,8.783176866678182e-05,0.0,5.500884895765352,0.0005729973874050125,0.0,9.209688808482584,0.0016456457526214006,0.0,2.000061254384227,-4.140686951777374e-10,2.69356719486589,3.6994206687836337,2.062646007893237
994003.5374894936,-0.0018453459221352557,1.3156844614782267e-10,0.7100013715271889,0.03952296740554238,0.0,2.799967380498899,6.836689954837695e-05,0.0,5.504387329476988,0.00027922694662735185,0.0,9.222730349973535,0.0021002857838496895,0.0,2.000061680478073,-4.12480673469138e-10,2.7008498708604156,3.6944548043020133,2.063920204871463
996003.5476466625,-0.0018453459221355842,1.3139042355906068e-10,0.7100076132285108,0.03953052243440666,0.0,2.799947883603402,6.510107608158548e-05,0.0,5.507168920473837,0.0009650789386383423,0.0,9.209368823724201,0.0006667277558395704,0.0,2.000062037972497,-4.1089703883125283e-10,2.703681478504983,3.7067636458426763,2.0654059311715676
998003.5578038313,-0.0018453459221355586,1.3140428934485203e-10,0.7100160247293476,0.03955501907683618,0.0,2.800133678677025,8.06379215565036e-05,0.0,5.508883832637493,0.0011478691845063298,0.0,9.19125840226409,0.0009843226314703187,0.0,2.000062426233729,-4.093179169669758e-10,2.7028030847396916,3.6959070023722536,2.0623692525077764
1000000.013639224,-0.0018453459221347156,1.318611552360115e-10,0.7099999052099052,0.03953066332042165,0.0,2.8000438318360734,6.759052281696147e-05,0.0,5.4949459410538335,0.0015379079512276065,0.0,9.207969752674385,0.0011289676161254196,0.0,2.000062796457274,-4.0774626342493145e-10,2.703193958847782,3.678211656014879,2.0631905062272344
